指标名称,CPI:当月同比,22个省市:平均价格:猪肉,平均批发价:28种重点监测蔬菜,生产资料价格:柴油(0#国VI),平均批发价:6种重点监测水果
2023-07-31,,,4.81 ,7941.40 ,7.35 
2023-07-28,,,4.81 ,,7.35 
2023-07-27,,,4.85 ,,7.48 
2023-07-26,,,4.83 ,,7.38 
2023-07-25,,,4.81 ,,7.35 
2023-07-24,,,4.85 ,,7.42 
2023-07-21,,19.04 ,4.88 ,,7.48 
2023-07-20,,,4.89 ,7552.90 ,7.48 
2023-07-19,,,4.87 ,,7.54 
2023-07-18,,,4.89 ,,7.45 
2023-07-17,,,4.87 ,,7.47 
2023-07-14,,19.11 ,4.87 ,,7.55 
2023-07-13,,,4.87 ,,7.58 
2023-07-12,,,4.92 ,,7.55 
2023-07-11,,,4.89 ,,7.57 
2023-07-10,,,4.93 ,7347.30 ,7.57 
2023-07-07,,19.47 ,4.94 ,,7.52 
2023-07-06,,,4.95 ,,7.60 
2023-07-05,,,4.97 ,,7.65 
2023-07-04,,,4.99 ,,7.72 
2023-07-03,,,4.96 ,,7.83 
2023-06-30,0.00 ,19.77 ,4.99 ,7354.50 ,7.93 
2023-06-29,,,5.01 ,,7.92 
2023-06-28,,,5.04 ,,8.01 
2023-06-27,,,5.05 ,,7.94 
2023-06-26,,,5.02 ,,8.05 
2023-06-25,,,5.08 ,,7.98 
2023-06-23,,20.11 ,,,
2023-06-21,,,5.05 ,,8.14 
2023-06-20,,,5.08 ,7488.00 ,8.22 
2023-06-19,,,5.07 ,,8.19 
2023-06-16,,20.14 ,5.02 ,,8.24 
2023-06-15,,,5.03 ,,8.23 
2023-06-14,,,5.01 ,,8.30 
2023-06-13,,,4.95 ,,8.23 
2023-06-12,,,4.98 ,,8.16 
2023-06-10,,,,7614.70 ,
2023-06-09,,20.24 ,4.96 ,,8.09 
2023-06-08,,,4.93 ,,8.15 
2023-06-07,,,4.87 ,,8.15 
2023-06-06,,,4.90 ,,8.46 
2023-06-05,,,4.92 ,,8.22 
2023-06-02,,20.27 ,4.89 ,,8.07 
2023-06-01,,,4.91 ,,8.13 
2023-05-31,0.20 ,,4.92 ,7651.20 ,8.14 
2023-05-30,,,4.87 ,,8.15 
2023-05-29,,,4.87 ,,8.07 
2023-05-26,,20.17 ,4.83 ,,8.16 
2023-05-25,,,4.82 ,,8.27 
2023-05-24,,,4.79 ,,8.10 
2023-05-23,,,4.77 ,,8.13 
2023-05-22,,,4.76 ,,8.09 
2023-05-20,,,,7714.20 ,
2023-05-19,,20.25 ,4.77 ,,8.08 
2023-05-18,,,4.79 ,,8.19 
2023-05-17,,,4.80 ,,8.09 
2023-05-16,,,4.81 ,,8.15 
2023-05-15,,,4.82 ,,8.26 
2023-05-12,,20.23 ,4.89 ,,8.20 
2023-05-11,,,4.87 ,,8.17 
2023-05-10,,,4.87 ,7855.10 ,8.13 
2023-05-09,,,4.85 ,,7.99 
2023-05-08,,,4.87 ,,7.90 
2023-05-06,,,4.91 ,,7.88 
2023-05-05,,20.37 ,4.90 ,,7.87 
2023-05-04,,,4.89 ,,7.89 
2023-04-30,0.10 ,,,8107.80 ,
2023-04-28,,20.36 ,4.81 ,,7.76 
2023-04-27,,,4.81 ,,7.79 
2023-04-26,,,4.77 ,,7.94 
2023-04-25,,,4.68 ,,7.77 
2023-04-24,,,4.72 ,,7.76 
2023-04-21,,20.81 ,4.65 ,,7.74 
2023-04-20,,,4.68 ,8022.70 ,7.90 
2023-04-19,,,4.73 ,,7.76 
2023-04-18,,,4.75 ,,7.86 
2023-04-17,,,4.83 ,,7.87 
2023-04-14,,20.91 ,4.92 ,,7.99 
2023-04-13,,,4.98 ,,7.99 
2023-04-12,,,4.98 ,,7.90 
2023-04-11,,,4.97 ,,7.95 
2023-04-10,,,4.95 ,7889.80 ,7.78 
2023-04-07,,20.85 ,,,
2023-04-06,,,5.02 ,,7.94 
2023-04-04,,,5.06 ,,7.93 
2023-04-03,,,5.09 ,,8.00 
2023-03-31,0.70 ,21.12 ,5.11 ,7732.30 ,7.95 
2023-03-30,,,5.11 ,,7.79 
2023-03-29,,,5.18 ,,7.96 
2023-03-28,,,5.19 ,,8.05 
2023-03-27,,,5.19 ,,8.26 
2023-03-24,,21.38 ,5.20 ,,8.21 
2023-03-23,,,5.24 ,,8.19 
2023-03-22,,,5.25 ,,8.18 
2023-03-21,,,5.23 ,,8.23 
2023-03-20,,,5.22 ,7921.70 ,8.05 
2023-03-17,,21.49 ,5.26 ,,8.01 
2023-03-16,,,5.25 ,,8.00 
2023-03-15,,,5.24 ,,7.92 
2023-03-14,,,5.29 ,,7.96 
2023-03-13,,,5.30 ,,7.85 
2023-03-10,,22.04 ,5.41 ,8005.30 ,7.65 
2023-03-09,,,5.46 ,,7.71 
2023-03-08,,,5.48 ,,7.45 
2023-03-07,,,5.50 ,,7.62 
2023-03-06,,,5.58 ,,7.58 
2023-03-03,,22.01 ,5.62 ,,7.54 
2023-03-02,,,5.65 ,,7.63 
2023-03-01,,,5.66 ,,7.49 
2023-02-28,1.00 ,,5.67 ,8012.00 ,7.58 
2023-02-27,,,5.72 ,,7.49 
2023-02-24,,21.87 ,5.75 ,,7.53 
2023-02-23,,,5.84 ,,7.47 
2023-02-22,,,5.78 ,,7.60 
2023-02-21,,,5.82 ,,7.62 
2023-02-20,,,5.82 ,7982.40 ,7.61 
2023-02-17,,21.59 ,5.78 ,,7.52 
2023-02-16,,,5.79 ,,7.53 
2023-02-15,,,5.82 ,,7.54 
2023-02-14,,,5.74 ,,7.53 
2023-02-13,,,5.78 ,,7.54 
2023-02-10,,21.56 ,5.74 ,8103.70 ,7.52 
2023-02-09,,,5.81 ,,7.49 
2023-02-08,,,5.81 ,,7.38 
2023-02-07,,,5.85 ,,7.48 
2023-02-06,,,5.93 ,,7.45 
2023-02-03,,22.27 ,6.08 ,,7.56 
2023-02-02,,,6.12 ,,7.58 
2023-02-01,,,6.22 ,,7.56 
2023-01-31,2.10 ,,6.24 ,,7.60 
2023-01-30,,,6.23 ,,7.53 
2023-01-28,,,6.16 ,,7.51 
2023-01-27,,22.94 ,,,
2023-01-20,,22.97 ,6.22 ,7727.30 ,7.65 
2023-01-19,,,6.08 ,,7.65 
2023-01-18,,,5.92 ,,7.48 
2023-01-17,,,5.83 ,,7.67 
2023-01-16,,,5.76 ,,7.69 
2023-01-13,,23.74 ,5.53 ,,7.65 
2023-01-12,,,5.46 ,,7.47 
2023-01-11,,,5.37 ,,7.44 
2023-01-10,,,5.36 ,7611.20 ,7.41 
2023-01-09,,,5.33 ,,7.36 
2023-01-06,,24.56 ,5.34 ,,7.33 
2023-01-05,,,5.28 ,,7.25 
2023-01-04,,,5.23 ,,6.98 
2023-01-03,,,5.15 ,,7.17 
2022-12-31,1.80 ,,,7738.60 ,
2022-12-30,,27.17 ,5.04 ,,7.23 
2022-12-29,,,5.01 ,,7.22 
2022-12-28,,,5.00 ,,7.18 
2022-12-27,,,4.96 ,,7.11 
2022-12-26,,,4.90 ,,7.07 
2022-12-23,,27.22 ,4.89 ,,6.96 
2022-12-22,,,4.85 ,,6.81 
2022-12-21,,,4.74 ,,6.85 
2022-12-20,,,4.69 ,8061.50 ,6.81 
2022-12-19,,,4.65 ,,6.94 
2022-12-16,,30.62 ,4.57 ,,6.80 
2022-12-15,,,4.54 ,,6.77 
2022-12-14,,,4.52 ,,6.70 
2022-12-13,,,4.50 ,,6.82 
2022-12-12,,,4.57 ,,6.74 
2022-12-10,,,,8428.10 ,
2022-12-09,,32.81 ,4.56 ,,6.69 
2022-12-08,,,4.57 ,,6.73 
2022-12-07,,,4.60 ,,6.88 
2022-12-06,,,4.59 ,,6.97 
2022-12-05,,,4.57 ,,7.12 
2022-12-02,,32.96 ,4.44 ,,6.93 
2022-12-01,,,4.39 ,,6.86 
2022-11-30,1.60 ,,4.38 ,8837.40 ,6.89 
2022-11-29,,,4.29 ,,6.89 
2022-11-28,,,4.28 ,,6.89 
2022-11-25,,33.22 ,4.21 ,,6.88 
2022-11-24,,,4.18 ,,6.83 
2022-11-23,,,4.05 ,,6.68 
2022-11-22,,,4.19 ,,6.76 
2022-11-21,,,4.17 ,,6.78 
2022-11-20,,,,9138.80 ,
2022-11-18,,34.44 ,4.21 ,,6.70 
2022-11-17,,,4.23 ,,6.52 
2022-11-16,,,4.22 ,,6.76 
2022-11-15,,,4.24 ,,6.77 
2022-11-14,,,4.29 ,,6.75 
2022-11-11,,34.62 ,4.29 ,,6.73 
2022-11-10,,,4.37 ,9056.70 ,6.72 
2022-11-09,,,4.36 ,,6.63 
2022-11-08,,,4.35 ,,6.61 
2022-11-07,,,4.40 ,,6.51 
2022-11-04,,35.48 ,4.52 ,,6.50 
2022-11-03,,,4.49 ,,6.45 
2022-11-02,,,4.55 ,,6.38 
2022-11-01,,,4.56 ,,6.38 
2022-10-31,2.10 ,,4.65 ,8963.50 ,6.26 
2022-10-28,,37.23 ,4.75 ,,6.32 
2022-10-27,,,4.75 ,,6.39 
2022-10-26,,,4.82 ,,6.53 
2022-10-25,,,4.84 ,,6.55 
2022-10-24,,,4.88 ,,6.51 
2022-10-21,,37.02 ,4.94 ,,6.59 
2022-10-20,,,4.94 ,8844.70 ,6.56 
2022-10-19,,,4.95 ,,6.57 
2022-10-18,,,4.96 ,,6.51 
2022-10-17,,,4.96 ,,6.51 
2022-10-14,,34.39 ,5.01 ,,6.56 
2022-10-13,,,5.04 ,,6.50 
2022-10-12,,,5.03 ,,6.50 
2022-10-11,,,4.98 ,,6.41 
2022-10-10,,,4.86 ,8850.70 ,6.35 
2022-10-09,,,4.94 ,,6.73 
2022-10-08,,,4.88 ,,6.49 
2022-10-07,,34.06 ,,,
2022-09-30,2.80 ,32.37 ,4.82 ,8854.20 ,6.60 
2022-09-29,,,4.80 ,,6.37 
2022-09-28,,,4.88 ,,6.37 
2022-09-27,,,4.88 ,,6.27 
2022-09-26,,,4.87 ,,6.49 
2022-09-23,,31.22 ,4.93 ,,6.55 
2022-09-22,,,4.97 ,,6.50 
2022-09-21,,,5.00 ,,6.62 
2022-09-20,,,4.98 ,9001.90 ,6.55 
2022-09-19,,,5.01 ,,6.60 
2022-09-16,,31.10 ,5.23 ,,6.61 
2022-09-15,,,5.30 ,,6.55 
2022-09-14,,,5.40 ,,6.56 
2022-09-13,,,5.43 ,,6.66 
2022-09-10,,,,8957.00 ,
2022-09-09,,30.79 ,5.57 ,,6.66 
2022-09-08,,,5.56 ,,6.79 
2022-09-07,,,5.54 ,,6.71 
2022-09-06,,,5.55 ,,6.75 
2022-09-05,,,5.56 ,,6.74 
2022-09-02,,30.59 ,5.46 ,,6.70 
2022-09-01,,,5.43 ,,6.64 
2022-08-31,2.50 ,,5.43 ,8732.30 ,6.76 
2022-08-30,,,5.24 ,,6.73 
2022-08-29,,,5.21 ,,6.65 
2022-08-26,,29.39 ,4.96 ,,6.74 
2022-08-25,,,4.97 ,,6.75 
2022-08-24,,,4.96 ,,6.72 
2022-08-23,,,4.91 ,,6.79 
2022-08-22,,,4.84 ,,6.78 
2022-08-20,,,,8509.10 ,
2022-08-19,,28.91 ,4.78 ,,6.98 
2022-08-18,,,4.73 ,,7.02 
2022-08-17,,,4.68 ,,6.66 
2022-08-16,,,4.61 ,,6.84 
2022-08-15,,,4.64 ,,6.67 
2022-08-12,,28.95 ,4.57 ,,6.70 
2022-08-11,,,4.59 ,,6.75 
2022-08-10,,,4.57 ,8406.10 ,6.69 
2022-08-09,,,4.43 ,,6.96 
2022-08-08,,,4.55 ,,6.88 
2022-08-05,,28.94 ,4.51 ,,6.62 
2022-08-04,,,4.50 ,,6.95 
2022-08-03,,,4.59 ,,6.90 
2022-08-02,,,4.64 ,,6.90 
2022-08-01,,,4.68 ,,6.91 
2022-07-31,2.70 ,,,8101.60 ,
2022-07-29,,29.16 ,4.73 ,,7.01 
2022-07-28,,,4.78 ,,7.08 
2022-07-27,,,4.74 ,,6.92 
2022-07-26,,,4.76 ,,6.92 
2022-07-25,,,4.78 ,,6.98 
2022-07-22,,29.80 ,4.79 ,,7.08 
2022-07-21,,,4.81 ,,7.12 
2022-07-20,,,4.80 ,8359.20 ,7.03 
2022-07-19,,,4.75 ,,7.02 
2022-07-18,,,4.71 ,,7.06 
2022-07-15,,29.73 ,4.67 ,,7.15 
2022-07-14,,,4.66 ,,7.08 
2022-07-13,,,4.62 ,,7.17 
2022-07-12,,,4.47 ,,7.03 
2022-07-11,,,4.49 ,,6.88 
2022-07-10,,,,8568.10 ,
2022-07-08,,28.43 ,4.39 ,,6.94 
2022-07-07,,,4.37 ,,6.93 
2022-07-06,,,4.35 ,,7.07 
2022-07-05,,,4.22 ,,7.00 
2022-07-04,,,4.32 ,,6.99 
2022-07-01,,24.21 ,4.20 ,,6.81 
2022-06-30,2.50 ,,4.15 ,8710.50 ,6.97 
2022-06-29,,,4.15 ,,7.09 
2022-06-28,,,4.12 ,,7.10 
2022-06-27,,,4.10 ,,7.18 
2022-06-24,,23.02 ,4.06 ,,7.08 
2022-06-23,,,4.10 ,,7.14 
2022-06-22,,,4.07 ,,7.12 
2022-06-21,,,4.05 ,,7.03 
2022-06-20,,,4.11 ,8865.70 ,7.17 
2022-06-17,,22.29 ,4.01 ,,7.21 
2022-06-16,,,4.09 ,,7.30 
2022-06-15,,,4.03 ,,7.22 
2022-06-14,,,4.04 ,,7.37 
2022-06-13,,,4.03 ,,7.36 
2022-06-10,,21.95 ,4.01 ,8845.60 ,7.43 
2022-06-09,,,4.04 ,,7.47 
2022-06-08,,,4.01 ,,7.48 
2022-06-07,,,4.01 ,,7.34 
2022-06-06,,,4.03 ,,7.33 
2022-06-03,,22.44 ,,,
2022-06-02,,,4.06 ,,7.29 
2022-06-01,,,4.10 ,,7.27 
2022-05-31,2.10 ,,4.11 ,8675.60 ,7.33 
2022-05-30,,,4.05 ,,7.37 
2022-05-27,,22.29 ,4.19 ,,7.43 
2022-05-26,,,4.25 ,,7.46 
2022-05-25,,,4.27 ,,7.45 
2022-05-24,,,4.30 ,,7.16 
2022-05-23,,,4.37 ,,7.44 
2022-05-20,,22.14 ,4.36 ,8624.10 ,7.43 
2022-05-19,,,4.42 ,,7.37 
2022-05-18,,,4.41 ,,7.61 
2022-05-17,,,4.44 ,,7.59 
2022-05-16,,,5.34 ,,7.19 
2022-05-13,,21.58 ,4.39 ,,7.19 
2022-05-12,,,4.47 ,,7.46 
2022-05-11,,,4.47 ,,7.52 
2022-05-10,,,4.51 ,8605.20 ,7.50 
2022-05-09,,,4.55 ,,7.58 
2022-05-07,,,4.60 ,,7.62 
2022-05-06,,21.88 ,4.61 ,,7.56 
2022-05-05,,,4.65 ,,7.63 
2022-04-30,2.10 ,,,8518.50 ,
2022-04-29,,20.95 ,4.83 ,,7.78 
2022-04-28,,,4.86 ,,7.64 
2022-04-27,,,4.88 ,,7.64 
2022-04-26,,,4.94 ,,7.59 
2022-04-25,,,4.96 ,,7.57 
2022-04-24,,,5.06 ,,7.65 
2022-04-22,,20.82 ,5.14 ,,7.57 
2022-04-21,,,5.17 ,,7.70 
2022-04-20,,,5.20 ,8439.10 ,7.59 
2022-04-19,,,5.23 ,,7.50 
2022-04-18,,,5.19 ,,7.39 
2022-04-15,,19.32 ,5.29 ,,7.46 
2022-04-14,,,5.25 ,,7.46 
2022-04-13,,,5.31 ,,7.34 
2022-04-12,,,5.39 ,,7.41 
2022-04-11,,,5.43 ,,7.34 
2022-04-10,,,,8513.30 ,
2022-04-08,,19.50 ,5.68 ,,7.22 
2022-04-07,,,5.69 ,,7.10 
2022-04-06,,,5.79 ,,7.27 
2022-04-02,,,5.97 ,,7.21 
2022-04-01,,18.92 ,6.01 ,,7.15 
2022-03-31,1.50 ,,5.95 ,8791.90 ,6.99 
2022-03-30,,,6.00 ,,7.05 
2022-03-29,,,5.93 ,,6.97 
2022-03-28,,,5.89 ,,7.02 
2022-03-25,,18.93 ,5.80 ,,6.82 
2022-03-24,,,5.76 ,,6.85 
2022-03-23,,,5.76 ,,6.80 
2022-03-22,,,5.72 ,,6.76 
2022-03-21,,,5.69 ,,6.71 
2022-03-20,,,,8621.20 ,
2022-03-18,,19.44 ,5.68 ,,6.91 
2022-03-17,,,5.68 ,,6.88 
2022-03-16,,,5.72 ,,6.81 
2022-03-15,,,5.71 ,,6.78 
2022-03-14,,,5.68 ,,6.62 
2022-03-11,,19.68 ,5.69 ,,6.65 
2022-03-10,,,5.73 ,8410.90 ,6.66 
2022-03-09,,,5.71 ,,6.67 
2022-03-08,,,5.71 ,,6.69 
2022-03-07,,,5.73 ,,6.60 
2022-03-04,,20.44 ,5.74 ,,6.68 
2022-03-03,,,5.76 ,,6.77 
2022-03-02,,,5.69 ,,6.76 
2022-03-01,,,5.71 ,,6.63 
2022-02-28,0.90 ,,5.69 ,7914.30 ,6.77 
2022-02-25,,21.15 ,5.66 ,,6.84 
2022-02-24,,,5.58 ,,6.85 
2022-02-23,,,5.52 ,,6.77 
2022-02-22,,,5.44 ,,6.88 
2022-02-21,,,5.51 ,,6.94 
2022-02-20,,,,7788.70 ,
2022-02-18,,21.46 ,5.53 ,,6.93 
2022-02-17,,,5.52 ,,6.98 
2022-02-16,,,5.51 ,,7.07 
2022-02-15,,,5.54 ,,7.05 
2022-02-14,,,5.65 ,,7.06 
2022-02-11,,22.30 ,5.69 ,,7.03 
2022-02-10,,,5.72 ,7747.30 ,7.06 
2022-02-09,,,5.77 ,,7.10 
2022-02-08,,,5.84 ,,7.20 
2022-02-07,,,5.86 ,,6.95 
2022-01-31,0.90 ,,,7491.80 ,
2022-01-30,,,6.03 ,,6.96 
2022-01-29,,,6.00 ,,6.99 
2022-01-28,,22.41 ,5.80 ,,6.84 
2022-01-27,,,5.78 ,,6.79 
2022-01-26,,,5.62 ,,6.81 
2022-01-25,,,5.60 ,,6.73 
2022-01-24,,,5.54 ,,6.75 
2022-01-21,,23.15 ,5.19 ,,6.63 
2022-01-20,,,5.08 ,7417.00 ,6.60 
2022-01-19,,,4.98 ,,6.68 
2022-01-18,,,5.03 ,,6.58 
2022-01-17,,,4.97 ,,6.54 
2022-01-14,,23.18 ,4.96 ,,6.47 
2022-01-13,,,4.95 ,,6.52 
2022-01-12,,,5.01 ,,6.60 
2022-01-11,,,5.00 ,,6.53 
2022-01-10,,,5.10 ,7331.10 ,6.57 
2022-01-07,,24.07 ,5.03 ,,6.47 
2022-01-06,,,5.08 ,,6.53 
2022-01-05,,,4.98 ,,6.35 
2022-01-04,,,5.14 ,,6.50 
2021-12-31,1.50 ,25.18 ,5.04 ,7316.30 ,6.37 
2021-12-30,,,5.02 ,,6.33 
2021-12-29,,,5.04 ,,6.28 
2021-12-28,,,5.05 ,,6.27 
2021-12-27,,,5.06 ,,6.27 
2021-12-24,,25.02 ,5.02 ,,6.28 
2021-12-23,,,5.02 ,,6.21 
2021-12-22,,,5.02 ,,6.18 
2021-12-21,,,5.09 ,,6.33 
2021-12-20,,,4.98 ,7373.80 ,6.15 
2021-12-17,,25.67 ,5.13 ,,6.20 
2021-12-16,,,5.12 ,,6.20 
2021-12-15,,,5.20 ,,6.10 
2021-12-14,,,5.25 ,,6.22 
2021-12-13,,,5.30 ,,6.20 
2021-12-10,,26.07 ,5.39 ,7446.20 ,6.12 
2021-12-09,,,5.35 ,,6.16 
2021-12-08,,,5.36 ,,6.04 
2021-12-07,,,5.33 ,,5.97 
2021-12-06,,,5.39 ,,6.10 
2021-12-03,,26.67 ,5.50 ,,6.10 
2021-12-02,,,5.54 ,,6.11 
2021-12-01,,,5.57 ,,6.06 
2021-11-30,2.30 ,,5.54 ,7626.70 ,5.98 
2021-11-29,,,5.67 ,,6.14 
2021-11-26,,25.84 ,5.66 ,,6.16 
2021-11-25,,,5.72 ,,6.07 
2021-11-24,,,5.69 ,,6.03 
2021-11-23,,,5.72 ,,6.05 
2021-11-22,,,5.71 ,,6.09 
2021-11-20,,,,7723.40 ,
2021-11-19,,25.40 ,5.78 ,,6.18 
2021-11-18,,,5.73 ,,6.07 
2021-11-17,,,5.75 ,,6.05 
2021-11-16,,,5.79 ,,6.10 
2021-11-15,,,5.75 ,,5.91 
2021-11-12,,24.66 ,5.84 ,,6.02 
2021-11-11,,,5.83 ,,5.95 
2021-11-10,,,5.83 ,7973.40 ,5.95 
2021-11-09,,,5.78 ,,5.93 
2021-11-08,,,5.72 ,,5.94 
2021-11-05,,22.71 ,5.60 ,,5.83 
2021-11-04,,,5.69 ,,5.92 
2021-11-03,,,5.68 ,,5.81 
2021-11-02,,,5.75 ,,5.79 
2021-11-01,,,5.75 ,,5.77 
2021-10-31,1.50 ,,,8023.20 ,
2021-10-29,,21.60 ,5.97 ,,5.77 
2021-10-28,,,5.97 ,,5.62 
2021-10-27,,,6.04 ,,5.59 
2021-10-26,,,5.99 ,,5.71 
2021-10-25,,,5.91 ,,5.71 
2021-10-22,,20.44 ,5.68 ,,5.64 
2021-10-21,,,5.53 ,,5.71 
2021-10-20,,,5.50 ,7842.90 ,5.70 
2021-10-19,,,5.40 ,,5.72 
2021-10-18,,,5.33 ,,5.61 
2021-10-15,,18.17 ,5.15 ,,5.72 
2021-10-14,,,5.13 ,,5.66 
2021-10-13,,,5.03 ,,5.57 
2021-10-12,,,5.01 ,,5.59 
2021-10-11,,,4.97 ,,5.49 
2021-10-10,,,,7440.20 ,
2021-10-09,,,4.84 ,,5.50 
2021-10-08,,18.40 ,4.81 ,,5.43 
2021-10-01,,19.20 ,,,
2021-09-30,0.70 ,,4.48 ,7004.00 ,5.44 
2021-09-29,,,4.50 ,,5.44 
2021-09-28,,,4.47 ,,5.42 
2021-09-27,,,4.48 ,,5.44 
2021-09-26,,,4.46 ,,5.50 
2021-09-24,,20.15 ,4.48 ,,5.52 
2021-09-23,,,4.46 ,,5.55 
2021-09-22,,,4.52 ,,5.50 
2021-09-20,,,,6840.10 ,
2021-09-18,,,4.46 ,,5.46 
2021-09-17,,20.51 ,4.43 ,,5.47 
2021-09-16,,,4.50 ,,5.48 
2021-09-15,,,4.49 ,,5.45 
2021-09-14,,,4.53 ,,5.48 
2021-09-13,,,4.55 ,,5.36 
2021-09-10,,21.54 ,4.52 ,6379.10 ,5.47 
2021-09-09,,,4.52 ,,5.48 
2021-09-08,,,4.54 ,,5.44 
2021-09-07,,,4.51 ,,5.50 
2021-09-06,,,4.54 ,,5.40 
2021-09-03,,21.49 ,4.59 ,,5.39 
2021-09-02,,,4.60 ,,5.28 
2021-09-01,,,4.57 ,,5.34 
2021-08-31,0.80 ,,4.56 ,6286.80 ,5.41 
2021-08-30,,,4.54 ,,5.32 
2021-08-27,,22.21 ,4.53 ,,5.36 
2021-08-26,,,4.50 ,,5.40 
2021-08-25,,,4.54 ,,5.40 
2021-08-24,,,4.49 ,,5.38 
2021-08-23,,,4.56 ,,5.53 
2021-08-20,,22.50 ,4.55 ,6319.40 ,5.54 
2021-08-19,,,4.61 ,,5.67 
2021-08-18,,,4.56 ,,5.70 
2021-08-17,,,4.60 ,,5.69 
2021-08-16,,,4.57 ,,5.68 
2021-08-13,,22.60 ,4.65 ,,5.69 
2021-08-12,,,4.62 ,,5.58 
2021-08-11,,,4.65 ,,5.63 
2021-08-10,,,4.66 ,6378.10 ,5.64 
2021-08-09,,,4.72 ,,5.66 
2021-08-06,,22.75 ,4.71 ,,5.71 
2021-08-05,,,4.70 ,,5.54 
2021-08-04,,,4.65 ,,5.71 
2021-08-03,,,4.61 ,,5.68 
2021-08-02,,,4.57 ,,5.73 
2021-07-31,1.00 ,,,6427.20 ,
2021-07-30,,23.24 ,4.44 ,,5.79 
2021-07-29,,,4.46 ,,5.63 
2021-07-28,,,4.41 ,,5.81 
2021-07-27,,,4.38 ,,5.95 
2021-07-26,,,4.37 ,,5.79 
2021-07-23,,23.57 ,4.27 ,,5.89 
2021-07-22,,,4.26 ,,5.90 
2021-07-21,,,4.19 ,,5.78 
2021-07-20,,,4.14 ,6496.80 ,5.79 
2021-07-19,,,4.13 ,,5.82 
2021-07-16,,23.65 ,4.09 ,,5.92 
2021-07-15,,,4.05 ,,6.04 
2021-07-14,,,4.06 ,,5.81 
2021-07-13,,,4.10 ,,5.86 
2021-07-12,,,4.03 ,,5.84 
2021-07-10,,,,6556.30 ,
2021-07-09,,23.95 ,4.02 ,,5.88 
2021-07-08,,,4.10 ,,5.95 
2021-07-07,,,4.06 ,,5.81 
2021-07-06,,,4.07 ,,5.76 
2021-07-05,,,4.11 ,,5.84 
2021-07-02,,24.03 ,4.10 ,,5.81 
2021-07-01,,,4.14 ,,5.96 
2021-06-30,1.10 ,,4.17 ,6546.80 ,5.96 
2021-06-29,,,4.23 ,,5.91 
2021-06-28,,,4.22 ,,5.94 
2021-06-25,,21.70 ,4.21 ,,5.89 
2021-06-24,,,4.21 ,,5.96 
2021-06-23,,,4.19 ,,5.92 
2021-06-22,,,4.13 ,,6.03 
2021-06-21,,,4.13 ,,5.91 
2021-06-20,,,,6555.40 ,
2021-06-18,,24.72 ,4.08 ,,6.25 
2021-06-17,,,4.17 ,,6.44 
2021-06-16,,,4.15 ,,6.44 
2021-06-15,,,4.15 ,,6.44 
2021-06-11,,26.58 ,4.15 ,,6.57 
2021-06-10,,,4.11 ,6486.00 ,6.55 
2021-06-09,,,4.09 ,,6.34 
2021-06-08,,,4.08 ,,6.50 
2021-06-07,,,4.14 ,,6.55 
2021-06-04,,27.52 ,4.17 ,,6.68 
2021-06-03,,,4.10 ,,6.67 
2021-06-02,,,4.10 ,,6.69 
2021-06-01,,,4.16 ,,6.61 
2021-05-31,1.30 ,,4.17 ,6367.20 ,6.60 
2021-05-28,,30.70 ,4.19 ,,6.60 
2021-05-27,,,4.23 ,,6.56 
2021-05-26,,,4.20 ,,6.72 
2021-05-25,,,4.25 ,,6.77 
2021-05-24,,,4.22 ,,6.83 
2021-05-21,,31.19 ,4.18 ,,6.63 
2021-05-20,,,4.18 ,6262.80 ,6.75 
2021-05-19,,,4.19 ,,6.85 
2021-05-18,,,4.19 ,,6.90 
2021-05-17,,,4.21 ,,6.88 
2021-05-14,,32.44 ,4.27 ,,7.01 
2021-05-13,,,4.30 ,,6.91 
2021-05-12,,,4.27 ,,7.00 
2021-05-11,,,4.31 ,,6.85 
2021-05-10,,,4.34 ,6133.70 ,6.82 
2021-05-08,,,4.34 ,,6.88 
2021-05-07,,33.79 ,4.41 ,,6.84 
2021-05-06,,,4.32 ,,6.87 
2021-04-30,0.90 ,34.83 ,4.26 ,6110.30 ,6.87 
2021-04-29,,,4.29 ,,6.84 
2021-04-28,,,4.29 ,,6.79 
2021-04-27,,,4.33 ,,6.58 
2021-04-26,,,4.32 ,,6.60 
2021-04-25,,,4.36 ,,6.75 
2021-04-23,,37.78 ,4.33 ,,6.68 
2021-04-22,,,4.42 ,,6.60 
2021-04-21,,,4.46 ,,6.69 
2021-04-20,,,4.48 ,6055.90 ,6.65 
2021-04-19,,,4.45 ,,6.68 
2021-04-16,,37.90 ,4.49 ,,6.62 
2021-04-15,,,4.60 ,,6.52 
2021-04-14,,,4.60 ,,6.67 
2021-04-13,,,4.66 ,,6.56 
2021-04-12,,,4.61 ,,6.48 
2021-04-10,,,,5907.80 ,
2021-04-09,,38.37 ,4.73 ,,6.66 
2021-04-08,,,4.72 ,,6.39 
2021-04-07,,,4.76 ,,6.48 
2021-04-06,,,4.81 ,,6.55 
2021-04-02,,38.90 ,4.87 ,,6.55 
2021-04-01,,,4.98 ,,6.64 
2021-03-31,0.40 ,,4.99 ,6045.40 ,6.54 
2021-03-30,,,4.99 ,,6.59 
2021-03-29,,,5.04 ,,6.58 
2021-03-26,,41.14 ,5.06 ,,6.44 
2021-03-25,,,5.10 ,,6.56 
2021-03-24,,,5.04 ,,6.59 
2021-03-23,,,5.07 ,,6.67 
2021-03-22,,,5.04 ,,6.56 
2021-03-20,,,,6197.40 ,
2021-03-19,,42.70 ,5.13 ,,6.56 
2021-03-18,,,5.14 ,,6.59 
2021-03-17,,,5.17 ,,6.60 
2021-03-16,,,5.19 ,,6.66 
2021-03-15,,,5.23 ,,6.66 
2021-03-12,,42.92 ,5.28 ,,6.82 
2021-03-11,,,5.32 ,,6.73 
2021-03-10,,,5.32 ,6024.10 ,6.85 
2021-03-09,,,5.34 ,,6.79 
2021-03-08,,,5.30 ,,6.69 
2021-03-05,,44.18 ,5.30 ,,6.73 
2021-03-04,,,5.26 ,,6.55 
2021-03-03,,,5.33 ,,6.75 
2021-03-02,,,5.41 ,,6.76 
2021-03-01,,,5.40 ,,6.84 
2021-02-28,-0.20 ,,,5768.30 ,
2021-02-26,,44.22 ,5.48 ,,6.56 
2021-02-25,,,5.49 ,,6.74 
2021-02-24,,,5.58 ,,6.61 
2021-02-23,,,5.62 ,,6.67 
2021-02-22,,,5.69 ,,6.66 
2021-02-20,,,5.81 ,5570.80 ,6.72 
2021-02-19,,46.87 ,6.00 ,,6.63 
2021-02-18,,,6.17 ,,6.58 
2021-02-10,,,6.41 ,5281.30 ,6.40 
2021-02-09,,,6.33 ,,6.45 
2021-02-08,,,6.17 ,,6.26 
2021-02-07,,,6.11 ,,6.33 
2021-02-05,,49.78 ,6.09 ,,6.39 
2021-02-04,,,6.07 ,,6.34 
2021-02-03,,,6.08 ,,6.29 
2021-02-02,,,6.09 ,,6.26 
2021-02-01,,,6.13 ,,6.31 
2021-01-31,-0.30 ,,,5265.30 ,
2021-01-29,,51.59 ,6.21 ,,6.30 
2021-01-28,,,6.25 ,,6.27 
2021-01-27,,,6.18 ,,6.25 
2021-01-26,,,6.21 ,,6.27 
2021-01-25,,,6.20 ,,6.13 
2021-01-22,,52.17 ,6.17 ,,6.12 
2021-01-21,,,6.15 ,,6.00 
2021-01-20,,,6.13 ,5282.10 ,6.09 
2021-01-19,,,6.13 ,,6.18 
2021-01-18,,,6.08 ,,6.12 
2021-01-15,,51.64 ,5.95 ,,6.20 
2021-01-14,,,5.92 ,,6.17 
2021-01-13,,,5.84 ,,6.08 
2021-01-12,,,5.81 ,,6.13 
2021-01-11,,,5.73 ,,6.04 
2021-01-10,,,,5266.70 ,
2021-01-08,,50.02 ,5.58 ,,6.14 
2021-01-07,,,5.54 ,,6.21 
2021-01-06,,,5.47 ,,6.14 
2021-01-05,,,5.49 ,,6.17 
2021-01-04,,,5.42 ,,6.17 
2021-01-01,,48.83 ,,,
2020-12-31,0.20 ,,5.29 ,5349.60 ,6.03 
2020-12-30,,,5.24 ,,6.06 
2020-12-29,,,5.15 ,,6.06 
2020-12-28,,,5.07 ,,6.06 
2020-12-25,,47.46 ,5.05 ,,6.16 
2020-12-24,,,5.11 ,,6.16 
2020-12-23,,,5.04 ,,6.18 
2020-12-22,,,5.02 ,,6.15 
2020-12-21,,,5.05 ,,6.17 
2020-12-20,,,,5356.30 ,
2020-12-18,,47.49 ,4.95 ,,6.20 
2020-12-17,,,4.99 ,,6.19 
2020-12-16,,,4.96 ,,6.03 
2020-12-15,,,4.93 ,,6.03 
2020-12-14,,,4.88 ,,5.98 
2020-12-11,,45.50 ,4.87 ,,5.95 
2020-12-10,,,4.80 ,5226.50 ,5.95 
2020-12-09,,,4.82 ,,6.01 
2020-12-08,,,4.74 ,,5.94 
2020-12-07,,,4.74 ,,5.92 
2020-12-04,,43.99 ,4.68 ,,5.88 
2020-12-03,,,4.67 ,,5.87 
2020-12-02,,,4.63 ,,5.92 
2020-12-01,,,4.55 ,,5.88 
2020-11-30,-0.50 ,,4.56 ,5020.90 ,5.85 
2020-11-27,,42.74 ,4.49 ,,5.80 
2020-11-26,,,4.55 ,,5.84 
2020-11-25,,,4.48 ,,5.69 
2020-11-24,,,4.46 ,,5.70 
2020-11-23,,,4.46 ,,5.64 
2020-11-20,,43.82 ,4.42 ,4897.00 ,5.67 
2020-11-19,,,4.45 ,,5.68 
2020-11-18,,,4.46 ,,5.67 
2020-11-17,,,4.45 ,,5.71 
2020-11-16,,,4.48 ,,5.81 
2020-11-13,,44.36 ,4.46 ,,5.62 
2020-11-12,,,4.46 ,,5.62 
2020-11-11,,,4.45 ,,5.52 
2020-11-10,,,4.47 ,4837.50 ,5.59 
2020-11-09,,,4.48 ,,5.51 
2020-11-06,,44.95 ,4.46 ,,5.51 
2020-11-05,,,4.47 ,,5.44 
2020-11-04,,,4.49 ,,5.32 
2020-11-03,,,4.52 ,,5.51 
2020-11-02,,,4.55 ,,5.50 
2020-10-31,0.50 ,,,4878.10 ,
2020-10-30,,46.78 ,4.62 ,,5.49 
2020-10-29,,,4.58 ,,5.48 
2020-10-28,,,4.55 ,,5.49 
2020-10-27,,,4.64 ,,5.49 
2020-10-26,,,4.61 ,,5.49 
2020-10-23,,47.65 ,4.56 ,,5.55 
2020-10-22,,,4.58 ,,5.40 
2020-10-21,,,4.55 ,,5.42 
2020-10-20,,,4.64 ,4902.20 ,5.53 
2020-10-19,,,4.43 ,,5.38 
2020-10-16,,48.18 ,4.62 ,,5.46 
2020-10-15,,,4.64 ,,5.40 
2020-10-14,,,4.63 ,,5.43 
2020-10-13,,,4.68 ,,5.35 
2020-10-12,,,4.71 ,,5.45 
2020-10-10,,,4.69 ,4927.80 ,5.40 
2020-10-09,,49.57 ,4.74 ,,5.36 
2020-10-02,,50.45 ,,,
2020-09-30,1.72 ,,4.69 ,4975.20 ,5.56 
2020-09-29,,,4.73 ,,5.42 
2020-09-28,,,4.72 ,,5.33 
2020-09-27,,,4.72 ,,5.33 
2020-09-25,,50.00 ,4.74 ,,5.38 
2020-09-24,,,4.73 ,,5.40 
2020-09-23,,,4.71 ,,5.35 
2020-09-22,,,4.66 ,,5.17 
2020-09-21,,,4.70 ,,5.25 
2020-09-20,,,,5074.60 ,
2020-09-18,,51.50 ,4.68 ,,5.18 
2020-09-17,,,4.69 ,,5.29 
2020-09-16,,,4.74 ,,5.23 
2020-09-15,,,4.74 ,,5.23 
2020-09-14,,,4.75 ,,5.24 
2020-09-11,,53.39 ,4.79 ,,5.20 
2020-09-10,,,4.87 ,5134.00 ,5.28 
2020-09-09,,,4.83 ,,5.22 
2020-09-08,,,4.92 ,,5.28 
2020-09-07,,,4.86 ,,5.21 
2020-09-04,,53.36 ,4.88 ,,5.14 
2020-09-03,,,4.95 ,,5.18 
2020-09-02,,,4.99 ,,5.07 
2020-09-01,,,4.95 ,,5.18 
2020-08-31,2.38 ,,4.91 ,5160.30 ,5.12 
2020-08-28,,53.50 ,4.91 ,,5.17 
2020-08-27,,,4.88 ,,5.11 
2020-08-26,,,4.92 ,,5.12 
2020-08-25,,,4.90 ,,5.36 
2020-08-24,,,4.92 ,,5.18 
2020-08-21,,52.77 ,4.79 ,,5.18 
2020-08-20,,,4.67 ,5177.60 ,5.14 
2020-08-19,,,4.67 ,,5.17 
2020-08-18,,,4.61 ,,5.32 
2020-08-17,,,4.61 ,,5.27 
2020-08-14,,51.85 ,4.49 ,,5.33 
2020-08-13,,,4.44 ,,5.30 
2020-08-12,,,4.47 ,,5.20 
2020-08-11,,,4.49 ,,5.20 
2020-08-10,,,4.47 ,5182.90 ,5.18 
2020-08-07,,50.88 ,4.44 ,,5.31 
2020-08-06,,,4.46 ,,5.27 
2020-08-05,,,4.37 ,,5.28 
2020-08-04,,,4.42 ,,5.45 
2020-08-03,,,4.43 ,,5.38 
2020-07-31,2.70 ,51.06 ,4.44 ,5170.40 ,5.43 
2020-07-30,,,4.41 ,,5.33 
2020-07-29,,,4.37 ,,5.36 
2020-07-28,,,4.39 ,,5.57 
2020-07-27,,,4.33 ,,5.49 
2020-07-24,,50.19 ,4.31 ,,5.52 
2020-07-23,,,4.28 ,,5.51 
2020-07-22,,,4.29 ,,5.45 
2020-07-21,,,4.25 ,,5.40 
2020-07-20,,,4.25 ,5161.10 ,5.48 
2020-07-17,,48.82 ,4.22 ,,5.55 
2020-07-16,,,4.25 ,,5.59 
2020-07-15,,,4.18 ,,5.48 
2020-07-14,,,4.24 ,,5.53 
2020-07-13,,,4.23 ,,5.44 
2020-07-10,,47.99 ,4.31 ,5153.40 ,5.39 
2020-07-09,,,4.22 ,,5.43 
2020-07-08,,,4.22 ,,5.45 
2020-07-07,,,4.20 ,,5.46 
2020-07-06,,,4.21 ,,5.53 
2020-07-03,,46.05 ,4.23 ,,5.43 
2020-07-02,,,4.24 ,,5.47 
2020-07-01,,,4.23 ,,5.46 
2020-06-30,2.48 ,,4.30 ,5166.80 ,5.46 
2020-06-29,,,4.25 ,,5.47 
2020-06-28,,,4.25 ,,5.53 
2020-06-26,,43.45 ,,,
2020-06-24,,,4.19 ,,5.55 
2020-06-23,,,4.15 ,,5.57 
2020-06-22,,,4.16 ,,5.54 
2020-06-20,,,,5218.70 ,
2020-06-19,,42.99 ,4.06 ,,5.63 
2020-06-18,,,4.05 ,,5.45 
2020-06-17,,,4.00 ,,5.71 
2020-06-16,,,3.98 ,,5.84 
2020-06-15,,,3.95 ,,5.87 
2020-06-12,,41.89 ,3.83 ,,5.90 
2020-06-11,,,3.84 ,,6.08 
2020-06-10,,,3.82 ,5275.00 ,6.02 
2020-06-09,,,3.85 ,,6.09 
2020-06-08,,,3.79 ,,6.07 
2020-06-05,,42.08 ,3.83 ,,6.08 
2020-06-04,,,3.85 ,,6.20 
2020-06-03,,,3.85 ,,6.20 
2020-06-02,,,3.80 ,,6.23 
2020-06-01,,,3.82 ,,6.18 
2020-05-31,2.44 ,,,5269.80 ,
2020-05-29,,42.16 ,3.79 ,,6.01 
2020-05-28,,,3.71 ,,6.00 
2020-05-27,,,3.80 ,,5.95 
2020-05-26,,,3.79 ,,6.02 
2020-05-25,,,3.75 ,,5.96 
2020-05-22,,42.21 ,3.84 ,,6.11 
2020-05-21,,,3.81 ,,6.25 
2020-05-20,,,3.78 ,5276.50 ,6.13 
2020-05-19,,,3.82 ,,6.17 
2020-05-18,,,3.82 ,,6.24 
2020-05-15,,42.05 ,3.86 ,,6.11 
2020-05-14,,,3.84 ,,6.18 
2020-05-13,,,3.82 ,,6.19 
2020-05-12,,,3.88 ,,6.02 
2020-05-11,,,3.87 ,,6.09 
2020-05-10,,,,5297.70 ,
2020-05-09,,,3.87 ,,6.15 
2020-05-08,,45.25 ,3.95 ,,5.99 
2020-05-07,,,3.93 ,,5.99 
2020-05-06,,,3.99 ,,5.99 
2020-05-01,,46.62 ,,,
2020-04-30,3.30 ,,4.18 ,5320.90 ,5.93 
2020-04-29,,,4.23 ,,5.93 
2020-04-28,,,4.28 ,,5.92 
2020-04-27,,,4.28 ,,5.88 
2020-04-26,,,4.26 ,,5.78 
2020-04-24,,46.71 ,4.28 ,,5.84 
2020-04-23,,,4.29 ,,5.90 
2020-04-22,,,4.33 ,,5.92 
2020-04-21,,,4.38 ,,5.82 
2020-04-20,,,4.37 ,5428.70 ,5.84 
2020-04-17,,48.54 ,4.48 ,,5.85 
2020-04-16,,,4.43 ,,5.73 
2020-04-15,,,4.51 ,,5.84 
2020-04-14,,,4.47 ,,5.79 
2020-04-13,,,4.49 ,,5.81 
2020-04-10,,48.69 ,4.47 ,5328.30 ,5.76 
2020-04-09,,,4.50 ,,5.76 
2020-04-08,,,4.53 ,,5.86 
2020-04-07,,,4.57 ,,5.74 
2020-04-03,,49.79 ,4.51 ,,5.81 
2020-04-02,,,4.54 ,,5.91 
2020-04-01,,,4.54 ,,5.79 
2020-03-31,4.27 ,,4.52 ,5408.70 ,5.80 
2020-03-30,,,4.51 ,,5.88 
2020-03-27,,51.03 ,4.54 ,,5.93 
2020-03-26,,,4.56 ,,5.77 
2020-03-25,,,4.57 ,,5.80 
2020-03-24,,,4.62 ,,5.96 
2020-03-23,,,4.66 ,,5.88 
2020-03-20,,50.42 ,4.75 ,5619.10 ,5.77 
2020-03-19,,,4.79 ,,5.76 
2020-03-18,,,4.80 ,,5.71 
2020-03-17,,,4.84 ,,5.73 
2020-03-16,,,4.95 ,,5.59 
2020-03-13,,50.82 ,5.06 ,,5.64 
2020-03-12,,,5.09 ,,5.66 
2020-03-11,,,5.18 ,,5.67 
2020-03-10,,,5.18 ,5987.10 ,5.74 
2020-03-09,,,5.19 ,,5.62 
2020-03-06,,51.27 ,5.26 ,,5.65 
2020-03-05,,,5.33 ,,5.65 
2020-03-04,,,5.27 ,,5.66 
2020-03-03,,,5.39 ,,5.67 
2020-03-02,,,5.42 ,,5.64 
2020-02-29,5.17 ,,,6084.20 ,
2020-02-28,,50.46 ,5.54 ,,5.70 
2020-02-27,,,5.52 ,,5.60 
2020-02-26,,,5.57 ,,5.70 
2020-02-25,,,5.58 ,,5.59 
2020-02-24,,,5.71 ,,5.69 
2020-02-21,,51.21 ,5.76 ,,5.75 
2020-02-20,,,5.82 ,6142.20 ,5.69 
2020-02-19,,,5.84 ,,5.77 
2020-02-18,,,5.83 ,,5.66 
2020-02-17,,,5.83 ,,5.65 
2020-02-14,,51.56 ,5.69 ,,5.63 
2020-02-13,,,5.73 ,,5.68 
2020-02-12,,,5.78 ,,5.64 
2020-02-11,,,5.81 ,,5.68 
2020-02-10,,,5.82 ,6292.80 ,5.78 
2020-01-31,5.38 ,,,6529.60 ,
2020-01-23,,,5.44 ,,5.66 
2020-01-22,,,5.36 ,,5.60 
2020-01-21,,,5.29 ,,5.49 
2020-01-20,,,5.27 ,6550.30 ,5.66 
2020-01-19,,,5.21 ,,5.58 
2020-01-17,,48.20 ,5.07 ,,5.46 
2020-01-16,,,5.05 ,,5.42 
2020-01-15,,,4.98 ,,5.36 
2020-01-14,,,4.96 ,,5.31 
2020-01-13,,,4.90 ,,5.34 
2020-01-10,,48.56 ,4.82 ,6653.90 ,5.36 
2020-01-09,,,4.84 ,,5.29 
2020-01-08,,,4.84 ,,5.33 
2020-01-07,,,4.81 ,,5.31 
2020-01-06,,,4.79 ,,5.37 
2020-01-03,,48.27 ,4.78 ,,5.21 
2020-01-02,,,4.79 ,,5.38 
2019-12-31,4.46 ,,4.78 ,6723.40 ,5.32 
2019-12-30,,,4.78 ,,5.33 
2019-12-27,,47.20 ,4.78 ,,5.33 
2019-12-26,,,4.78 ,,5.24 
2019-12-25,,,4.83 ,,5.26 
2019-12-24,,,4.77 ,,5.24 
2019-12-23,,,4.82 ,,5.21 
2019-12-20,,46.51 ,4.79 ,6787.60 ,5.20 
2019-12-19,,,4.74 ,,5.08 
2019-12-18,,,4.71 ,,5.23 
2019-12-17,,,4.67 ,,5.20 
2019-12-16,,,4.64 ,,5.18 
2019-12-13,,47.94 ,4.53 ,,5.08 
2019-12-12,,,4.49 ,,5.11 
2019-12-11,,,4.41 ,,5.05 
2019-12-10,,,4.39 ,6777.10 ,5.08 
2019-12-09,,,4.39 ,,5.09 
2019-12-06,,47.43 ,4.27 ,,5.15 
2019-12-05,,,4.27 ,,5.11 
2019-12-04,,,4.23 ,,5.10 
2019-12-03,,,4.24 ,,5.08 
2019-12-02,,,4.17 ,,5.15 
2019-11-30,4.49 ,,,6731.80 ,
2019-11-29,,46.25 ,4.10 ,,5.07 
2019-11-28,,,4.09 ,,5.06 
2019-11-27,,,4.07 ,,5.07 
2019-11-26,,,4.02 ,,4.93 
2019-11-25,,,4.01 ,,5.05 
2019-11-22,,48.86 ,3.95 ,,5.00 
2019-11-21,,,3.94 ,,5.00 
2019-11-20,,,3.93 ,6657.30 ,5.08 
2019-11-19,,,3.94 ,,4.99 
2019-11-18,,,3.94 ,,5.05 
2019-11-15,,52.15 ,3.87 ,,4.99 
2019-11-14,,,3.90 ,,5.09 
2019-11-13,,,3.93 ,,5.02 
2019-11-12,,,3.91 ,,5.09 
2019-11-11,,,3.88 ,,5.04 
2019-11-10,,,,6661.70 ,
2019-11-08,,54.13 ,3.86 ,,5.06 
2019-11-07,,,3.92 ,,5.13 
2019-11-06,,,3.89 ,,5.11 
2019-11-05,,,3.86 ,,4.97 
2019-11-04,,,3.89 ,,5.04 
2019-11-01,,55.93 ,3.90 ,,5.14 
2019-10-31,3.76 ,,3.90 ,6675.10 ,5.11 
2019-10-30,,,3.92 ,,5.14 
2019-10-29,,,3.90 ,,5.06 
2019-10-28,,,3.91 ,,5.10 
2019-10-25,,56.02 ,3.91 ,,5.05 
2019-10-24,,,3.87 ,,5.10 
2019-10-23,,,3.87 ,,5.18 
2019-10-22,,,3.84 ,,5.17 
2019-10-21,,,3.79 ,,5.09 
2019-10-20,,,,6761.30 ,
2019-10-18,,45.51 ,3.75 ,,5.12 
2019-10-17,,,3.75 ,,5.13 
2019-10-16,,,3.75 ,,5.20 
2019-10-15,,,3.73 ,,5.26 
2019-10-14,,,3.72 ,,5.26 
2019-10-12,,,3.76 ,,5.22 
2019-10-11,,42.32 ,3.75 ,,5.25 
2019-10-10,,,3.69 ,6811.10 ,5.32 
2019-10-09,,,3.70 ,,5.14 
2019-10-08,,,3.70 ,,5.13 
2019-09-30,3.02 ,,3.78 ,6972.00 ,5.23 
2019-09-29,,,3.82 ,,5.27 
2019-09-27,,39.61 ,3.81 ,,5.26 
2019-09-26,,,3.84 ,,5.48 
2019-09-25,,,3.89 ,,5.53 
2019-09-24,,,3.87 ,,5.78 
2019-09-23,,,3.89 ,,5.80 
2019-09-20,,38.28 ,3.87 ,6968.70 ,5.72 
2019-09-19,,,3.89 ,,5.81 
2019-09-18,,,3.90 ,,5.78 
2019-09-17,,,3.93 ,,5.75 
2019-09-16,,,3.94 ,,5.73 
2019-09-13,,38.55 ,,,
2019-09-12,,,3.94 ,,5.80 
2019-09-11,,,3.97 ,,5.98 
2019-09-10,,,3.93 ,6739.70 ,5.86 
2019-09-09,,,3.94 ,,6.04 
2019-09-06,,36.61 ,3.99 ,,6.07 
2019-09-05,,,4.03 ,,6.01 
2019-09-04,,,4.05 ,,5.84 
2019-09-03,,,4.04 ,,5.88 
2019-09-02,,,4.04 ,,5.81 
2019-08-31,2.84 ,,,6658.30 ,
2019-08-30,,36.05 ,4.02 ,,5.94 
2019-08-29,,,4.13 ,,6.01 
2019-08-28,,,4.15 ,,6.08 
2019-08-27,,,4.18 ,,6.11 
2019-08-26,,,4.20 ,,6.05 
2019-08-23,,32.99 ,4.19 ,,6.20 
2019-08-22,,,4.27 ,,6.29 
2019-08-21,,,4.28 ,,6.39 
2019-08-20,,,4.25 ,6700.10 ,6.25 
2019-08-19,,,4.23 ,,6.37 
2019-08-16,,31.24 ,4.21 ,,6.36 
2019-08-15,,,4.23 ,,6.43 
2019-08-14,,,4.19 ,,6.41 
2019-08-13,,,4.10 ,,6.51 
2019-08-12,,,4.09 ,,6.60 
2019-08-10,,,,6733.50 ,
2019-08-09,,29.17 ,4.00 ,,6.67 
2019-08-08,,,3.99 ,,6.70 
2019-08-07,,,4.06 ,,6.92 
2019-08-06,,,4.07 ,,6.90 
2019-08-05,,,4.03 ,,6.90 
2019-08-02,,27.43 ,3.92 ,,6.89 
2019-08-01,,,4.04 ,,7.04 
2019-07-31,2.78 ,,3.96 ,6756.60 ,6.94 
2019-07-30,,,3.96 ,,7.03 
2019-07-29,,,3.97 ,,7.09 
2019-07-26,,27.59 ,3.93 ,,7.24 
2019-07-25,,,3.96 ,,7.26 
2019-07-24,,,3.98 ,,7.50 
2019-07-23,,,3.99 ,,7.35 
2019-07-22,,,4.03 ,,7.46 
2019-07-20,,,,6717.40 ,
2019-07-19,,27.30 ,4.06 ,,7.74 
2019-07-18,,,4.14 ,,7.92 
2019-07-17,,,4.16 ,,7.63 
2019-07-16,,,4.17 ,,7.91 
2019-07-15,,,4.16 ,,7.90 
2019-07-12,,25.08 ,4.17 ,,8.23 
2019-07-11,,,4.19 ,,8.15 
2019-07-10,,,4.18 ,6546.20 ,8.18 
2019-07-09,,,4.14 ,,8.25 
2019-07-08,,,4.13 ,,8.28 
2019-07-05,,25.79 ,4.06 ,,8.25 
2019-07-04,,,4.06 ,,8.29 
2019-07-03,,,4.05 ,,8.36 
2019-07-02,,,4.07 ,,8.21 
2019-07-01,,,4.00 ,,8.40 
2019-06-30,2.68 ,,,6350.80 ,
2019-06-28,,25.37 ,3.93 ,,8.49 
2019-06-27,,,3.90 ,,8.61 
2019-06-26,,,3.89 ,,8.62 
2019-06-25,,,3.86 ,,8.36 
2019-06-24,,,3.85 ,,8.47 
2019-06-21,,23.74 ,3.80 ,,8.58 
2019-06-20,,,3.84 ,6214.70 ,8.66 
2019-06-19,,,3.79 ,,8.73 
2019-06-18,,,3.74 ,,8.55 
2019-06-17,,,3.76 ,,8.36 
2019-06-14,,24.02 ,3.77 ,,8.17 
2019-06-13,,,3.78 ,,8.21 
2019-06-12,,,3.77 ,,8.13 
2019-06-11,,,3.79 ,,8.05 
2019-06-07,,24.01 ,,,
2019-06-06,,,3.88 ,,8.16 
2019-06-05,,,3.84 ,,8.16 
2019-06-04,,,3.87 ,,8.36 
2019-06-03,,,3.89 ,,8.23 
2019-05-31,2.74 ,23.18 ,3.94 ,,8.09 
2019-05-30,,,3.94 ,,8.00 
2019-05-29,,,3.91 ,,7.95 
2019-05-28,,,3.93 ,,7.97 
2019-05-27,,,3.93 ,,7.91 
2019-05-24,,23.13 ,3.96 ,,7.90 
2019-05-23,,,4.00 ,,8.04 
2019-05-22,,,3.99 ,,7.93 
2019-05-21,,,3.96 ,,7.73 
2019-05-20,,,4.08 ,,7.78 
2019-05-17,,23.80 ,4.18 ,,7.59 
2019-05-16,,,4.16 ,,7.51 
2019-05-15,,,4.17 ,,7.39 
2019-05-14,,,4.21 ,,7.39 
2019-05-13,,,4.27 ,,7.50 
2019-05-10,,23.75 ,4.30 ,,7.41 
2019-05-09,,,4.31 ,,7.26 
2019-05-08,,,4.26 ,,7.07 
2019-05-07,,,4.24 ,,6.98 
2019-05-06,,,4.27 ,,7.02 
2019-05-05,,,4.26 ,,6.93 
2019-04-30,2.54 ,,4.22 ,,6.78 
2019-04-29,,,4.16 ,,6.73 
2019-04-28,,,4.24 ,,6.81 
2019-04-26,,23.17 ,4.24 ,,6.77 
2019-04-25,,,4.20 ,,6.49 
2019-04-24,,,4.23 ,,6.41 
2019-04-23,,,4.27 ,,6.44 
2019-04-22,,,4.29 ,,6.35 
2019-04-19,,22.77 ,4.39 ,,6.26 
2019-04-18,,,4.45 ,,6.28 
2019-04-17,,,4.48 ,,6.15 
2019-04-16,,,4.48 ,,6.17 
2019-04-15,,,4.47 ,,6.16 
2019-04-12,,22.36 ,4.59 ,,6.06 
2019-04-11,,,4.63 ,,6.20 
2019-04-10,,,4.69 ,,6.22 
2019-04-09,,,4.74 ,,6.22 
2019-04-08,,,4.75 ,,6.04 
2019-04-05,,23.17 ,,,
2019-04-04,,,4.89 ,,6.12 
2019-04-03,,,4.88 ,,6.14 
2019-04-02,,,4.88 ,,6.04 
2019-04-01,,,4.76 ,,5.92 
2019-03-31,2.28 ,,,,
2019-03-29,,22.26 ,4.83 ,,6.08 
2019-03-28,,,4.81 ,,6.09 
2019-03-27,,,4.88 ,,6.14 
2019-03-26,,,4.89 ,,6.11 
2019-03-25,,,4.85 ,,6.03 
2019-03-22,,22.10 ,4.86 ,,6.05 
2019-03-21,,,4.85 ,,6.07 
2019-03-20,,,4.88 ,,6.01 
2019-03-19,,,4.88 ,,5.99 
2019-03-18,,,4.86 ,,6.06 
2019-03-15,,21.74 ,4.84 ,,5.93 
2019-03-14,,,4.90 ,,5.97 
2019-03-13,,,4.85 ,,5.92 
2019-03-12,,,4.83 ,,5.94 
2019-03-11,,,4.85 ,,5.99 
2019-03-08,,20.32 ,4.78 ,,5.88 
2019-03-07,,,4.81 ,,6.01 
2019-03-06,,,4.82 ,,6.04 
2019-03-05,,,4.80 ,,5.98 
2019-03-04,,,4.78 ,,5.94 
2019-03-01,,19.29 ,4.85 ,,6.05 
2019-02-28,1.49 ,,4.84 ,,5.97 
2019-02-27,,,4.86 ,,6.05 
2019-02-26,,,4.86 ,,6.01 
2019-02-25,,,4.77 ,,5.92 
2019-02-22,,19.99 ,4.82 ,,6.00 
2019-02-21,,,4.85 ,,5.99 
2019-02-20,,,4.89 ,,6.15 
2019-02-19,,,4.84 ,,6.10 
2019-02-18,,,4.92 ,,6.02 
2019-02-15,,18.95 ,4.94 ,,6.13 
2019-02-14,,,4.96 ,,6.16 
2019-02-13,,,4.89 ,,6.06 
2019-02-12,,,4.89 ,,6.24 
2019-02-11,,,4.88 ,,6.10 
2019-02-03,,,4.86 ,,6.16 
2019-02-02,,,4.74 ,,6.20 
2019-02-01,,18.54 ,4.69 ,,6.11 
2019-01-31,1.74 ,,4.65 ,,6.08 
2019-01-30,,,4.51 ,,6.07 
2019-01-29,,,4.46 ,,6.04 
2019-01-28,,,4.44 ,,6.07 
2019-01-25,,19.24 ,4.33 ,,5.99 
2019-01-24,,,4.26 ,,5.81 
2019-01-23,,,4.32 ,,6.01 
2019-01-22,,,4.29 ,,5.98 
2019-01-21,,,4.29 ,,5.97 
2019-01-18,,19.48 ,4.21 ,,5.72 
2019-01-17,,,4.20 ,,5.82 
2019-01-16,,,4.18 ,,5.83 
2019-01-15,,,4.16 ,,5.78 
2019-01-14,,,4.11 ,,5.82 
2019-01-11,,20.09 ,4.05 ,,5.66 
2019-01-10,,,4.03 ,,5.71 
2019-01-09,,,4.05 ,,5.70 
2019-01-08,,,4.02 ,,5.74 
2019-01-07,,,4.01 ,,5.78 
2019-01-04,,20.88 ,4.08 ,,5.83 
2019-01-03,,,4.04 ,,5.86 
2019-01-02,,,4.01 ,,5.78 
2018-12-31,1.86 ,,,,
2018-12-29,,,3.88 ,,5.91 
2018-12-28,,20.84 ,3.88 ,,5.96 
2018-12-27,,,3.86 ,,5.79 
2018-12-26,,,3.85 ,,5.78 
2018-12-25,,,3.85 ,,5.78 
2018-12-24,,,3.82 ,,5.77 
2018-12-21,,21.01 ,3.86 ,,5.77 
2018-12-20,,,3.83 ,,5.71 
2018-12-19,,,3.82 ,,5.68 
2018-12-18,,,3.79 ,,5.80 
2018-12-17,,,3.80 ,,5.88 
2018-12-14,,20.57 ,3.79 ,,5.86 
2018-12-13,,,3.80 ,,5.90 
2018-12-12,,,3.73 ,,5.81 
2018-12-11,,,3.75 ,,5.89 
2018-12-10,,,3.70 ,,5.75 
2018-12-07,,20.78 ,3.53 ,,5.67 
2018-12-06,,,3.54 ,,5.76 
2018-12-05,,,3.50 ,,5.80 
2018-12-04,,,3.50 ,,5.80 
2018-12-03,,,3.48 ,,5.76 
2018-11-30,2.18 ,20.44 ,3.42 ,,5.74 
2018-11-29,,,3.46 ,,5.82 
2018-11-28,,,3.45 ,,5.78 
2018-11-27,,,3.49 ,,5.88 
2018-11-26,,,3.43 ,,5.81 
2018-11-23,,20.11 ,3.46 ,,5.79 
2018-11-22,,,3.51 ,,5.80 
2018-11-21,,,3.48 ,,5.81 
2018-11-20,,,3.48 ,,5.77 
2018-11-19,,,3.51 ,,5.83 
2018-11-16,,19.95 ,3.47 ,,5.72 
2018-11-15,,,3.53 ,,5.77 
2018-11-14,,,3.56 ,,5.77 
2018-11-13,,,3.53 ,,5.82 
2018-11-12,,,3.58 ,,5.85 
2018-11-09,,20.92 ,3.53 ,,5.77 
2018-11-08,,,3.61 ,,5.83 
2018-11-07,,,3.59 ,,5.70 
2018-11-06,,,3.63 ,,5.76 
2018-11-05,,,3.60 ,,5.69 
2018-11-02,,21.59 ,3.68 ,,5.71 
2018-11-01,,,3.68 ,,5.70 
2018-10-31,2.54 ,,3.73 ,,5.65 
2018-10-30,,,3.77 ,,5.55 
2018-10-29,,,3.73 ,,5.44 
2018-10-26,,21.09 ,3.83 ,,5.35 
2018-10-25,,,3.84 ,,5.40 
2018-10-24,,,3.89 ,,5.38 
2018-10-23,,,3.91 ,,5.38 
2018-10-22,,,3.91 ,,5.29 
2018-10-19,,21.19 ,3.98 ,,5.32 
2018-10-18,,,4.00 ,,5.39 
2018-10-17,,,4.06 ,,5.28 
2018-10-16,,,4.04 ,,5.31 
2018-10-15,,,4.11 ,,5.25 
2018-10-12,,22.33 ,4.16 ,,5.17 
2018-10-11,,,4.21 ,,5.25 
2018-10-10,,,4.25 ,,5.23 
2018-10-09,,,4.30 ,,5.18 
2018-10-08,,,4.36 ,,5.15 
2018-10-05,,20.18 ,,,
2018-09-30,2.47 ,,4.42 ,,5.07 
2018-09-29,,,4.45 ,,5.23 
2018-09-28,,21.78 ,4.42 ,,5.28 
2018-09-27,,,4.41 ,,5.18 
2018-09-26,,,4.44 ,,5.24 
2018-09-25,,,4.39 ,,5.19 
2018-09-21,,21.20 ,4.33 ,,5.18 
2018-09-20,,,4.33 ,,5.27 
2018-09-19,,,4.32 ,,5.29 
2018-09-18,,,4.34 ,,5.17 
2018-09-17,,,4.43 ,,5.18 
2018-09-14,,21.42 ,4.42 ,,5.24 
2018-09-13,,,4.40 ,,5.16 
2018-09-12,,,4.33 ,,5.21 
2018-09-11,,,4.32 ,,5.14 
2018-09-10,,,4.31 ,,5.21 
2018-09-07,,21.52 ,4.19 ,,5.09 
2018-09-06,,,4.18 ,,5.21 
2018-09-05,,,4.19 ,,5.17 
2018-09-04,,,4.18 ,,5.06 
2018-09-03,,,4.16 ,,5.12 
2018-08-31,2.30 ,20.49 ,4.28 ,,5.07 
2018-08-30,,,4.27 ,,5.09 
2018-08-29,,,4.26 ,,5.06 
2018-08-28,,,4.30 ,,5.04 
2018-08-27,,,4.29 ,,5.10 
2018-08-24,,20.43 ,4.25 ,,5.06 
2018-08-23,,,4.21 ,,5.05 
2018-08-22,,,4.18 ,,5.04 
2018-08-21,,,4.14 ,,5.09 
2018-08-20,,,4.05 ,,5.08 
2018-08-17,,20.20 ,3.87 ,,5.09 
2018-08-16,,,3.89 ,,5.08 
2018-08-15,,,3.85 ,,5.03 
2018-08-14,,,3.82 ,,5.04 
2018-08-13,,,3.81 ,,4.97 
2018-08-10,,19.83 ,3.80 ,,5.03 
2018-08-09,,,3.77 ,,5.02 
2018-08-08,,,3.76 ,,4.95 
2018-08-07,,,3.80 ,,4.99 
2018-08-06,,,3.78 ,,4.98 
2018-08-03,,19.48 ,3.80 ,,4.97 
2018-08-02,,,3.74 ,,4.96 
2018-08-01,,,3.72 ,,4.87 
2018-07-31,2.06 ,,3.73 ,,4.88 
2018-07-30,,,3.76 ,,5.06 
2018-07-27,,19.14 ,3.68 ,,4.94 
2018-07-26,,,3.70 ,,5.04 
2018-07-25,,,3.72 ,,5.08 
2018-07-24,,,3.71 ,,5.09 
2018-07-23,,,3.63 ,,5.13 
2018-07-20,,18.81 ,3.64 ,,5.03 
2018-07-19,,,3.62 ,,5.00 
2018-07-18,,,3.61 ,,5.03 
2018-07-17,,,3.61 ,,5.19 
2018-07-16,,,3.58 ,,5.13 
2018-07-13,,17.82 ,3.48 ,,5.22 
2018-07-12,,,3.49 ,,5.26 
2018-07-11,,,3.41 ,,5.25 
2018-07-10,,,3.44 ,,5.27 
2018-07-09,,,3.39 ,,5.27 
2018-07-06,,17.79 ,3.36 ,,5.29 
2018-07-05,,,3.35 ,,5.31 
2018-07-04,,,3.39 ,,5.38 
2018-07-03,,,3.38 ,,5.28 
2018-07-02,,,3.36 ,,5.41 
2018-06-30,1.85 ,,,,
2018-06-29,,17.77 ,3.33 ,,5.44 
2018-06-28,,,3.34 ,,5.49 
2018-06-27,,,3.30 ,,5.40 
2018-06-26,,,3.31 ,,5.35 
2018-06-25,,,3.33 ,,5.30 
2018-06-22,,17.50 ,3.37 ,,5.40 
2018-06-21,,,3.40 ,,5.43 
2018-06-20,,,3.39 ,,5.41 
2018-06-19,,,3.44 ,,5.46 
2018-06-15,,17.48 ,3.48 ,,5.56 
2018-06-14,,,3.51 ,,5.58 
2018-06-13,,,3.49 ,,5.68 
2018-06-12,,,3.50 ,,5.63 
2018-06-11,,,3.51 ,,5.74 
2018-06-08,,17.60 ,3.60 ,,5.80 
2018-06-07,,,3.59 ,,5.79 
2018-06-06,,,3.66 ,,5.70 
2018-06-05,,,3.63 ,,5.78 
2018-06-04,,,3.64 ,,5.58 
2018-06-01,,17.74 ,3.59 ,,5.56 
2018-05-31,1.75 ,,3.62 ,,5.60 
2018-05-30,,,3.63 ,,5.64 
2018-05-29,,,3.59 ,,5.74 
2018-05-28,,,3.60 ,,5.71 
2018-05-25,,17.00 ,3.56 ,,5.60 
2018-05-24,,,3.54 ,,5.71 
2018-05-23,,,3.51 ,,5.62 
2018-05-22,,,3.49 ,,5.55 
2018-05-21,,,3.40 ,,5.43 
2018-05-18,,15.86 ,3.46 ,,5.54 
2018-05-17,,,3.51 ,,5.67 
2018-05-16,,,3.53 ,,5.69 
2018-05-15,,,3.50 ,,5.57 
2018-05-14,,,3.51 ,,5.65 
2018-05-11,,16.83 ,3.54 ,,5.75 
2018-05-10,,,3.58 ,,5.74 
2018-05-09,,,3.56 ,,5.79 
2018-05-08,,,3.52 ,,5.84 
2018-05-07,,,3.54 ,,5.80 
2018-05-04,,16.89 ,3.59 ,,5.78 
2018-05-03,,,3.62 ,,5.71 
2018-05-02,,,3.64 ,,5.76 
2018-04-30,1.80 ,,,,
2018-04-28,,,3.72 ,,5.70 
2018-04-27,,16.91 ,3.71 ,,5.75 
2018-04-26,,,3.70 ,,5.78 
2018-04-25,,,3.76 ,,5.77 
2018-04-24,,,3.74 ,,5.60 
2018-04-23,,,3.81 ,,5.54 
2018-04-20,,17.46 ,3.88 ,,5.55 
2018-04-19,,,3.95 ,,5.54 
2018-04-18,,,3.98 ,,5.55 
2018-04-17,,,3.97 ,,5.56 
2018-04-16,,,3.91 ,,5.50 
2018-04-13,,18.26 ,3.93 ,,5.64 
2018-04-12,,,3.97 ,,5.63 
2018-04-11,,,3.88 ,,5.65 
2018-04-10,,,3.91 ,,5.63 
2018-04-09,,,3.82 ,,5.64 
2018-04-08,,,3.81 ,,5.71 
2018-04-04,,,3.71 ,,5.67 
2018-04-03,,,3.71 ,,5.61 
2018-04-02,,,3.75 ,,5.59 
2018-03-31,2.06 ,,,,
2018-03-30,,18.05 ,3.83 ,,5.46 
2018-03-29,,,3.90 ,,5.50 
2018-03-28,,,3.94 ,,5.51 
2018-03-27,,,3.95 ,,5.48 
2018-03-26,,,3.94 ,,5.40 
2018-03-23,,18.75 ,3.97 ,,5.47 
2018-03-22,,,4.00 ,,5.52 
2018-03-21,,,4.00 ,,5.54 
2018-03-20,,,4.03 ,,5.56 
2018-03-19,,,4.06 ,,5.57 
2018-03-16,,19.98 ,4.11 ,,5.53 
2018-03-15,,,4.13 ,,5.54 
2018-03-14,,,4.14 ,,5.60 
2018-03-13,,,4.14 ,,5.48 
2018-03-12,,,4.14 ,,5.49 
2018-03-09,,20.09 ,4.21 ,,5.51 
2018-03-08,,,4.20 ,,5.49 
2018-03-07,,,4.21 ,,5.48 
2018-03-06,,,4.27 ,,5.53 
2018-03-05,,,4.26 ,,5.44 
2018-03-02,,20.71 ,4.40 ,,5.43 
2018-03-01,,,4.48 ,,5.40 
2018-02-28,2.90 ,,4.59 ,,5.46 
2018-02-27,,,4.62 ,,5.42 
2018-02-26,,,4.78 ,,5.38 
2018-02-24,,,4.83 ,,5.33 
2018-02-23,,21.08 ,5.00 ,,5.30 
2018-02-22,,,5.03 ,,5.23 
2018-02-14,,,5.26 ,,5.50 
2018-02-13,,,5.10 ,,5.39 
2018-02-12,,,5.04 ,,5.43 
2018-02-11,,,4.90 ,,5.35 
2018-02-09,,21.03 ,4.75 ,,5.32 
2018-02-08,,,4.70 ,,5.33 
2018-02-07,,,4.64 ,,5.30 
2018-02-06,,,4.52 ,,5.26 
2018-02-05,,,4.48 ,,5.23 
2018-02-02,,21.79 ,4.39 ,,5.27 
2018-02-01,,,4.34 ,,5.24 
2018-01-31,1.47 ,,4.40 ,,5.26 
2018-01-30,,,4.35 ,,5.23 
2018-01-29,,,4.36 ,,5.21 
2018-01-26,,21.82 ,4.26 ,,5.26 
2018-01-25,,,4.20 ,,5.30 
2018-01-24,,,4.15 ,,5.29 
2018-01-23,,,4.10 ,,5.24 
2018-01-22,,,4.08 ,,5.23 
2018-01-19,,22.10 ,4.05 ,,5.20 
2018-01-18,,,4.05 ,,5.27 
2018-01-17,,,4.06 ,,5.17 
2018-01-16,,,4.06 ,,5.20 
2018-01-15,,,4.09 ,,5.23 
2018-01-12,,22.02 ,4.05 ,,5.17 
2018-01-11,,,4.06 ,,5.13 
2018-01-10,,,4.08 ,,5.13 
2018-01-09,,,4.05 ,,5.19 
2018-01-08,,,4.05 ,,5.21 
2018-01-05,,,3.97 ,,5.09 
2018-01-04,,,3.86 ,,5.03 
2018-01-03,,,3.80 ,,5.05 
2018-01-02,,,3.77 ,,5.09 
2017-12-31,1.85 ,,,,
2017-12-29,,21.94 ,3.74 ,,4.99 
2017-12-28,,,3.73 ,,5.00 
2017-12-27,,,3.71 ,,4.96 
2017-12-26,,,3.72 ,,5.02 
2017-12-25,,,3.70 ,,5.01 
2017-12-22,,22.01 ,3.71 ,,5.02 
2017-12-21,,,3.65 ,,4.97 
2017-12-20,,,3.67 ,,4.99 
2017-12-19,,,3.67 ,,4.98 
2017-12-18,,,3.66 ,,4.97 
2017-12-15,,21.98 ,3.64 ,,4.93 
2017-12-14,,,3.63 ,,4.92 
2017-12-13,,,3.59 ,,4.95 
2017-12-12,,,3.58 ,,4.94 
2017-12-11,,,3.62 ,,4.97 
2017-12-08,,21.82 ,3.56 ,,4.89 
2017-12-07,,,3.57 ,,4.89 
2017-12-06,,,3.54 ,,4.86 
2017-12-05,,,3.53 ,,4.82 
2017-12-04,,,3.52 ,,4.83 
2017-12-01,,21.50 ,3.52 ,,4.87 
2017-11-30,1.73 ,,3.52 ,,4.86 
2017-11-29,,,3.52 ,,4.84 
2017-11-28,,,3.53 ,,4.85 
2017-11-27,,,3.54 ,,4.82 
2017-11-24,,20.90 ,3.55 ,,4.78 
2017-11-23,,,3.52 ,,4.73 
2017-11-22,,,3.53 ,,4.71 
2017-11-21,,,3.50 ,,4.73 
2017-11-20,,,3.47 ,,4.64 
2017-11-17,,20.96 ,3.47 ,,4.67 
2017-11-16,,,3.45 ,,4.63 
2017-11-15,,,3.45 ,,4.68 
2017-11-14,,,3.50 ,,4.71 
2017-11-13,,,3.52 ,,4.72 
2017-11-10,,20.95 ,3.54 ,,4.62 
2017-11-09,,,3.60 ,,4.65 
2017-11-08,,,3.59 ,,4.60 
2017-11-07,,,3.64 ,,4.55 
2017-11-06,,,3.61 ,,4.56 
2017-11-03,,21.38 ,3.65 ,,4.49 
2017-11-02,,,3.70 ,,4.50 
2017-11-01,,,3.69 ,,4.47 
2017-10-31,1.87 ,,3.72 ,,4.39 
2017-10-30,,,3.76 ,,4.43 
2017-10-27,,21.01 ,3.76 ,,4.42 
2017-10-26,,,3.76 ,,4.41 
2017-10-25,,,3.73 ,,4.38 
2017-10-24,,,3.81 ,,4.44 
2017-10-23,,,3.80 ,,4.40 
2017-10-20,,21.01 ,3.81 ,,4.40 
2017-10-19,,,3.80 ,,4.48 
2017-10-18,,,3.79 ,,4.42 
2017-10-17,,,3.81 ,,4.50 
2017-10-16,,,3.76 ,,4.43 
2017-10-13,,21.68 ,3.73 ,,4.42 
2017-10-12,,,3.68 ,,4.41 
2017-10-11,,,3.70 ,,4.51 
2017-10-10,,,3.74 ,,4.44 
2017-10-09,,,3.66 ,,4.51 
2017-09-30,1.63 ,,3.45 ,,4.38 
2017-09-29,,21.30 ,3.48 ,,4.41 
2017-09-28,,,3.51 ,,4.52 
2017-09-27,,,3.52 ,,4.49 
2017-09-26,,,3.47 ,,4.45 
2017-09-25,,,3.57 ,,4.52 
2017-09-22,,21.55 ,3.61 ,,4.56 
2017-09-21,,,3.67 ,,4.66 
2017-09-20,,,3.66 ,,4.64 
2017-09-19,,,3.69 ,,4.77 
2017-09-18,,,3.73 ,,4.70 
2017-09-15,,21.49 ,3.78 ,,4.71 
2017-09-14,,,3.78 ,,4.69 
2017-09-13,,,3.81 ,,4.73 
2017-09-12,,,3.81 ,,4.78 
2017-09-11,,,3.82 ,,4.71 
2017-09-08,,21.18 ,3.90 ,,4.79 
2017-09-07,,,3.95 ,,4.76 
2017-09-06,,,3.96 ,,4.79 
2017-09-05,,,3.96 ,,4.83 
2017-09-04,,,3.96 ,,4.87 
2017-09-01,,21.21 ,3.87 ,,4.79 
2017-08-31,1.77 ,,3.94 ,,4.86 
2017-08-30,,,3.89 ,,4.95 
2017-08-29,,,3.89 ,,4.98 
2017-08-28,,,3.83 ,,4.99 
2017-08-25,,21.18 ,3.80 ,,4.94 
2017-08-24,,,3.83 ,,4.91 
2017-08-23,,,3.84 ,,4.94 
2017-08-22,,,3.84 ,,4.96 
2017-08-21,,,3.79 ,,4.98 
2017-08-18,,21.23 ,3.86 ,,5.00 
2017-08-17,,,3.87 ,,5.05 
2017-08-16,,,3.87 ,,4.98 
2017-08-15,,,3.85 ,,5.00 
2017-08-14,,,3.87 ,,4.92 
2017-08-11,,21.31 ,3.90 ,,4.97 
2017-08-10,,,3.91 ,,5.01 
2017-08-09,,,3.91 ,,4.94 
2017-08-08,,,3.88 ,,4.98 
2017-08-07,,,3.88 ,,4.98 
2017-08-04,,20.58 ,3.92 ,,5.01 
2017-08-03,,,3.90 ,,5.11 
2017-08-02,,,3.85 ,,5.06 
2017-08-01,,,3.80 ,,5.02 
2017-07-31,1.41 ,,3.82 ,,5.00 
2017-07-28,,21.06 ,3.74 ,,5.10 
2017-07-27,,,3.70 ,,5.04 
2017-07-26,,,3.67 ,,5.08 
2017-07-25,,,3.59 ,,5.07 
2017-07-24,,,3.61 ,,5.10 
2017-07-21,,21.11 ,3.53 ,,5.19 
2017-07-20,,,3.49 ,,5.20 
2017-07-19,,,3.52 ,,5.11 
2017-07-18,,,3.42 ,,5.22 
2017-07-17,,,3.41 ,,5.21 
2017-07-14,,20.67 ,3.33 ,,5.16 
2017-07-13,,,3.32 ,,5.22 
2017-07-12,,,3.32 ,,5.22 
2017-07-11,,,3.34 ,,5.32 
2017-07-10,,,3.28 ,,5.42 
2017-07-07,,20.76 ,3.25 ,,5.44 
2017-07-06,,,3.26 ,,5.57 
2017-07-05,,,3.24 ,,5.61 
2017-07-04,,,3.26 ,,5.53 
2017-07-03,,,3.25 ,,5.59 
2017-06-30,1.50 ,21.39 ,3.23 ,,5.67 
2017-06-28,,,3.27 ,,5.66 
2017-06-27,,,3.24 ,,5.69 
2017-06-26,,,3.23 ,,5.65 
2017-06-23,,21.09 ,3.25 ,,5.63 
2017-06-22,,,3.29 ,,5.64 
2017-06-21,,,3.27 ,,5.71 
2017-06-20,,,3.25 ,,5.77 
2017-06-19,,,3.24 ,,5.89 
2017-06-16,,21.39 ,3.28 ,,6.01 
2017-06-15,,,3.26 ,,5.94 
2017-06-14,,,3.23 ,,6.02 
2017-06-13,,,3.20 ,,6.01 
2017-06-12,,,3.19 ,,6.06 
2017-06-09,,21.05 ,3.16 ,,6.03 
2017-06-08,,,3.14 ,,6.11 
2017-06-07,,,3.15 ,,6.08 
2017-06-06,,,3.11 ,,6.02 
2017-06-05,,,3.12 ,,6.07 
2017-06-02,,21.36 ,3.15 ,,6.08 
2017-06-01,,,3.13 ,,6.11 
2017-05-31,1.52 ,,3.15 ,,6.03 
2017-05-27,,,3.10 ,,6.09 
2017-05-26,,22.11 ,3.13 ,,6.11 
2017-05-25,,,3.16 ,,6.07 
2017-05-24,,,3.21 ,,6.12 
2017-05-23,,,3.22 ,,6.07 
2017-05-22,,,3.26 ,,6.03 
2017-05-19,,22.70 ,3.30 ,,5.97 
2017-05-18,,,3.29 ,,5.90 
2017-05-17,,,3.32 ,,5.79 
2017-05-16,,,3.34 ,,5.90 
2017-05-15,,,3.30 ,,5.93 
2017-05-12,,22.96 ,3.41 ,,6.02 
2017-05-11,,,3.41 ,,6.09 
2017-05-10,,,3.44 ,,6.06 
2017-05-09,,,3.46 ,,6.08 
2017-05-08,,,3.51 ,,6.05 
2017-05-05,,24.04 ,3.55 ,,6.03 
2017-05-04,,,3.58 ,,5.94 
2017-05-03,,,3.59 ,,5.83 
2017-05-02,,,3.60 ,,5.79 
2017-04-30,1.17 ,,,,
2017-04-28,,23.93 ,3.60 ,,5.73 
2017-04-27,,,3.63 ,,5.74 
2017-04-26,,,3.64 ,,5.67 
2017-04-25,,,3.64 ,,5.60 
2017-04-24,,,3.60 ,,5.55 
2017-04-21,,24.02 ,3.63 ,,5.41 
2017-04-20,,,3.65 ,,5.42 
2017-04-19,,,3.66 ,,5.37 
2017-04-18,,,3.70 ,,5.35 
2017-04-17,,,3.69 ,,5.32 
2017-04-14,,23.31 ,3.73 ,,5.28 
2017-04-13,,,3.70 ,,5.19 
2017-04-12,,,3.74 ,,5.19 
2017-04-11,,,3.74 ,,5.10 
2017-04-10,,,3.81 ,,5.17 
2017-04-07,,24.32 ,3.84 ,,5.12 
2017-04-06,,,3.90 ,,5.13 
2017-04-05,,,3.88 ,,5.01 
2017-04-01,,,3.96 ,,5.03 
2017-03-31,0.92 ,24.01 ,3.94 ,,5.12 
2017-03-30,,,3.92 ,,5.09 
2017-03-29,,,3.91 ,,5.07 
2017-03-28,,,3.91 ,,5.11 
2017-03-27,,,3.93 ,,5.09 
2017-03-24,,24.49 ,3.90 ,,5.09 
2017-03-23,,,3.90 ,,5.07 
2017-03-22,,,3.85 ,,5.11 
2017-03-21,,,3.90 ,,5.14 
2017-03-20,,,3.89 ,,5.11 
2017-03-17,,24.10 ,3.93 ,,5.16 
2017-03-16,,,3.95 ,,5.14 
2017-03-15,,,3.94 ,,5.20 
2017-03-14,,,4.00 ,,5.16 
2017-03-13,,,4.00 ,,5.23 
2017-03-10,,24.52 ,4.05 ,,5.30 
2017-03-09,,,4.05 ,,5.26 
2017-03-08,,,4.00 ,,5.16 
2017-03-07,,,4.06 ,,5.24 
2017-03-06,,,4.10 ,,5.29 
2017-03-03,,24.75 ,4.12 ,,5.27 
2017-03-02,,,4.13 ,,5.26 
2017-03-01,,,4.11 ,,5.26 
2017-02-28,0.80 ,,4.15 ,,5.34 
2017-02-27,,,4.14 ,,5.43 
2017-02-24,,25.36 ,4.19 ,,5.41 
2017-02-23,,,4.20 ,,5.41 
2017-02-22,,,4.19 ,,5.38 
2017-02-21,,,4.17 ,,5.40 
2017-02-20,,,4.14 ,,5.40 
2017-02-17,,25.39 ,4.22 ,,5.46 
2017-02-16,,,4.21 ,,5.45 
2017-02-15,,,4.25 ,,5.45 
2017-02-14,,,4.27 ,,5.50 
2017-02-13,,,4.34 ,,5.45 
2017-02-10,,26.25 ,4.39 ,,5.47 
2017-02-09,,,4.45 ,,5.47 
2017-02-08,,,4.46 ,,5.41 
2017-02-07,,,4.53 ,,5.44 
2017-02-06,,,4.55 ,,5.46 
2017-02-04,,,4.65 ,,5.44 
2017-02-03,,26.18 ,4.70 ,,5.40 
2017-01-31,2.55 ,,,,
2017-01-26,,,4.77 ,,5.50 
2017-01-25,,,4.75 ,,5.40 
2017-01-24,,,4.68 ,,5.30 
2017-01-23,,,4.63 ,,5.36 
2017-01-22,,,4.59 ,,5.42 
2017-01-20,,26.41 ,4.59 ,,5.36 
2017-01-19,,,4.51 ,,5.26 
2017-01-18,,,4.44 ,,5.24 
2017-01-17,,,4.42 ,,5.23 
2017-01-16,,,4.36 ,,5.24 
2017-01-13,,26.43 ,4.39 ,,5.20 
2017-01-12,,,4.37 ,,5.16 
2017-01-11,,,4.38 ,,5.27 
2017-01-10,,,4.40 ,,5.23 
2017-01-09,,,4.40 ,,5.21 
2017-01-06,,26.21 ,4.40 ,,5.25 
2017-01-05,,,4.37 ,,5.29 
2017-01-04,,,4.39 ,,5.30 
2017-01-03,,,4.38 ,,5.25 
2016-12-31,2.08 ,,,,
2016-12-30,,25.30 ,4.36 ,,5.17 
2016-12-29,,,4.37 ,,5.12 
2016-12-28,,,4.38 ,,5.11 
2016-12-27,,,4.37 ,,5.15 
2016-12-26,,,4.35 ,,5.15 
2016-12-23,,25.24 ,4.34 ,,5.21 
2016-12-22,,,4.32 ,,5.12 
2016-12-21,,,4.36 ,,5.08 
2016-12-20,,,4.31 ,,5.20 
2016-12-19,,,4.32 ,,5.13 
2016-12-16,,25.39 ,4.32 ,,5.07 
2016-12-15,,,4.33 ,,5.10 
2016-12-14,,,4.31 ,,5.10 
2016-12-13,,,4.29 ,,5.12 
2016-12-12,,,4.33 ,,5.14 
2016-12-09,,25.22 ,4.28 ,,5.09 
2016-12-08,,,4.28 ,,5.00 
2016-12-07,,,4.27 ,,5.05 
2016-12-06,,,4.30 ,,5.03 
2016-12-05,,,4.30 ,,5.04 
2016-12-02,,25.06 ,4.26 ,,5.04 
2016-12-01,,,4.27 ,,5.02 
2016-11-30,2.25 ,,4.25 ,,5.08 
2016-11-29,,,4.29 ,,5.05 
2016-11-28,,,4.25 ,,4.96 
2016-11-25,,25.22 ,4.28 ,,5.02 
2016-11-24,,,4.26 ,,4.94 
2016-11-23,,,4.26 ,,4.98 
2016-11-22,,,4.20 ,,4.87 
2016-11-21,,,4.20 ,,4.85 
2016-11-18,,25.49 ,4.17 ,,4.80 
2016-11-17,,,4.17 ,,4.86 
2016-11-16,,,4.18 ,,4.88 
2016-11-15,,,4.22 ,,4.92 
2016-11-14,,,4.21 ,,4.89 
2016-11-11,,25.24 ,4.26 ,,4.87 
2016-11-10,,,4.24 ,,4.88 
2016-11-09,,,4.28 ,,4.94 
2016-11-08,,,4.15 ,,4.79 
2016-11-07,,,4.15 ,,4.85 
2016-11-04,,25.30 ,4.13 ,,4.92 
2016-11-03,,,4.07 ,,4.88 
2016-11-02,,,4.05 ,,4.85 
2016-11-01,,,4.03 ,,4.90 
2016-10-31,2.10 ,,3.98 ,,4.85 
2016-10-28,,25.27 ,3.90 ,,4.93 
2016-10-27,,,3.84 ,,4.75 
2016-10-26,,,3.86 ,,4.80 
2016-10-25,,,3.81 ,,4.79 
2016-10-24,,,3.84 ,,4.75 
2016-10-21,,24.96 ,3.81 ,,4.93 
2016-10-20,,,3.87 ,,4.97 
2016-10-19,,,3.89 ,,4.92 
2016-10-18,,,3.92 ,,5.01 
2016-10-17,,,3.92 ,,4.99 
2016-10-14,,25.27 ,3.94 ,,5.02 
2016-10-13,,,3.89 ,,4.96 
2016-10-12,,,3.90 ,,5.03 
2016-10-11,,,3.89 ,,5.02 
2016-10-10,,,3.91 ,,4.99 
2016-10-09,,,3.83 ,,4.98 
2016-10-08,,,3.82 ,,5.01 
2016-09-30,1.92 ,25.92 ,3.77 ,,4.94 
2016-09-29,,,3.80 ,,5.00 
2016-09-28,,,3.79 ,,5.01 
2016-09-27,,,3.76 ,,5.03 
2016-09-26,,,3.78 ,,5.00 
2016-09-23,,26.79 ,3.84 ,,4.96 
2016-09-22,,,3.88 ,,4.97 
2016-09-21,,,3.92 ,,5.09 
2016-09-20,,,3.89 ,,5.00 
2016-09-19,,,3.91 ,,4.99 
2016-09-18,,,3.96 ,,5.06 
2016-09-16,,26.96 ,,,
2016-09-14,,,3.97 ,,5.03 
2016-09-13,,,3.94 ,,5.02 
2016-09-12,,,4.00 ,,4.97 
2016-09-09,,27.58 ,4.05 ,,5.06 
2016-09-08,,,4.08 ,,5.06 
2016-09-07,,,4.11 ,,5.04 
2016-09-06,,,4.11 ,,5.06 
2016-09-05,,,4.16 ,,5.04 
2016-09-02,,27.65 ,4.17 ,,4.99 
2016-09-01,,,4.16 ,,4.97 
2016-08-31,1.34 ,,4.12 ,,4.97 
2016-08-30,,,4.07 ,,4.97 
2016-08-29,,,3.97 ,,4.92 
2016-08-26,,27.91 ,3.84 ,,4.92 
2016-08-25,,,3.79 ,,4.93 
2016-08-24,,,3.77 ,,4.98 
2016-08-23,,,3.73 ,,4.91 
2016-08-22,,,3.74 ,,4.87 
2016-08-19,,27.51 ,3.70 ,,4.96 
2016-08-18,,,3.65 ,,4.89 
2016-08-17,,,3.65 ,,4.87 
2016-08-16,,,3.65 ,,4.82 
2016-08-15,,,3.63 ,,4.86 
2016-08-12,,28.01 ,3.63 ,,4.79 
2016-08-11,,,3.62 ,,4.87 
2016-08-10,,,3.60 ,,4.91 
2016-08-09,,,3.60 ,,4.93 
2016-08-08,,,3.59 ,,4.99 
2016-08-05,,27.44 ,3.57 ,,4.97 
2016-08-04,,,3.55 ,,4.98 
2016-08-03,,,3.54 ,,5.01 
2016-08-02,,,3.53 ,,5.06 
2016-08-01,,,3.52 ,,5.02 
2016-07-31,1.77 ,,,,
2016-07-29,,27.55 ,3.51 ,,5.12 
2016-07-28,,,3.47 ,,5.21 
2016-07-27,,,3.50 ,,5.12 
2016-07-26,,,3.46 ,,5.22 
2016-07-25,,,3.44 ,,5.15 
2016-07-22,,27.74 ,3.40 ,,5.18 
2016-07-21,,,3.43 ,,5.26 
2016-07-20,,,3.38 ,,5.20 
2016-07-19,,,3.37 ,,5.29 
2016-07-18,,,3.36 ,,5.30 
2016-07-15,,27.98 ,3.35 ,,5.42 
2016-07-14,,,3.31 ,,5.37 
2016-07-13,,,3.27 ,,5.38 
2016-07-12,,,3.33 ,,5.40 
2016-07-11,,,3.31 ,,5.37 
2016-07-08,,28.07 ,3.31 ,,5.40 
2016-07-07,,,3.29 ,,5.45 
2016-07-06,,,3.21 ,,5.41 
2016-07-05,,,3.24 ,,5.54 
2016-07-04,,,3.23 ,,5.52 
2016-07-01,,28.35 ,3.18 ,,5.37 
2016-06-30,1.88 ,,3.18 ,,5.44 
2016-06-29,,,3.19 ,,5.47 
2016-06-28,,,3.14 ,,5.55 
2016-06-27,,,3.05 ,,5.66 
2016-06-24,,28.94 ,3.11 ,,5.59 
2016-06-23,,,3.11 ,,5.67 
2016-06-22,,,3.07 ,,5.57 
2016-06-21,,,3.08 ,,5.60 
2016-06-20,,,3.14 ,,5.57 
2016-06-17,,29.03 ,3.11 ,,5.55 
2016-06-16,,,3.10 ,,5.61 
2016-06-15,,,3.13 ,,5.57 
2016-06-14,,,3.14 ,,5.56 
2016-06-13,,,3.12 ,,5.53 
2016-06-12,,,3.13 ,,5.61 
2016-06-10,,29.83 ,,,
2016-06-08,,,3.19 ,,5.69 
2016-06-07,,,3.22 ,,5.67 
2016-06-06,,,3.24 ,,5.66 
2016-06-03,,29.87 ,3.27 ,,5.70 
2016-06-02,,,3.29 ,,5.71 
2016-06-01,,,3.32 ,,5.79 
2016-05-31,2.04 ,,3.33 ,,5.88 
2016-05-30,,,3.35 ,,5.79 
2016-05-27,,30.13 ,3.37 ,,5.77 
2016-05-26,,,3.40 ,,5.76 
2016-05-25,,,3.40 ,,5.77 
2016-05-24,,,3.46 ,,5.68 
2016-05-23,,,3.47 ,,5.69 
2016-05-20,,29.59 ,3.58 ,,5.52 
2016-05-19,,,3.58 ,,5.39 
2016-05-18,,,3.56 ,,5.21 
2016-05-17,,,3.58 ,,5.23 
2016-05-16,,,3.59 ,,5.22 
2016-05-13,,29.90 ,3.60 ,,5.13 
2016-05-12,,,3.60 ,,5.08 
2016-05-11,,,3.66 ,,5.02 
2016-05-10,,,3.69 ,,4.96 
2016-05-09,,,3.72 ,,4.95 
2016-05-06,,30.02 ,3.76 ,,4.96 
2016-05-05,,,3.86 ,,4.99 
2016-05-04,,,3.88 ,,4.95 
2016-05-03,,,3.89 ,,4.96 
2016-04-30,2.33 ,,,,
2016-04-29,,30.32 ,3.98 ,,5.06 
2016-04-28,,,4.05 ,,5.08 
2016-04-27,,,4.13 ,,5.04 
2016-04-26,,,4.20 ,,5.16 
2016-04-25,,,4.25 ,,5.15 
2016-04-22,,28.85 ,4.33 ,,5.02 
2016-04-21,,,4.40 ,,5.14 
2016-04-20,,,4.42 ,,5.11 
2016-04-19,,,4.41 ,,5.12 
2016-04-18,,,4.46 ,,5.23 
2016-04-15,,28.77 ,4.54 ,,5.19 
2016-04-14,,,4.63 ,,5.18 
2016-04-13,,,4.67 ,,5.21 
2016-04-12,,,4.74 ,,5.25 
2016-04-11,,,4.84 ,,5.31 
2016-04-08,,28.83 ,5.07 ,,5.23 
2016-04-07,,,5.14 ,,5.31 
2016-04-06,,,5.23 ,,5.27 
2016-04-05,,,5.27 ,,5.23 
2016-04-01,,28.23 ,5.44 ,,5.27 
2016-03-31,2.30 ,,5.52 ,,5.27 
2016-03-30,,,5.56 ,,5.31 
2016-03-29,,,5.53 ,,5.35 
2016-03-28,,,5.53 ,,5.27 
2016-03-25,,27.98 ,5.50 ,,5.26 
2016-03-24,,,5.51 ,,5.36 
2016-03-23,,,5.54 ,,5.26 
2016-03-22,,,5.55 ,,5.28 
2016-03-21,,,5.56 ,,5.21 
2016-03-18,,26.31 ,5.66 ,,5.23 
2016-03-17,,,5.62 ,,5.17 
2016-03-16,,,5.62 ,,5.21 
2016-03-15,,,5.55 ,,5.15 
2016-03-14,,,5.50 ,,5.12 
2016-03-11,,27.04 ,5.38 ,,5.15 
2016-03-10,,,5.38 ,,5.21 
2016-03-09,,,5.38 ,,5.22 
2016-03-08,,,5.34 ,,5.16 
2016-03-07,,,5.38 ,,5.19 
2016-03-04,,26.84 ,5.42 ,,5.25 
2016-03-03,,,5.41 ,,5.26 
2016-03-02,,,5.41 ,,5.21 
2016-03-01,,,5.36 ,,5.16 
2016-02-29,2.28 ,,5.42 ,,5.26 
2016-02-26,,26.07 ,5.39 ,,5.22 
2016-02-25,,,5.39 ,,5.31 
2016-02-24,,,5.38 ,,5.23 
2016-02-23,,,5.42 ,,5.28 
2016-02-22,,,5.46 ,,5.24 
2016-02-19,,27.10 ,5.60 ,,5.26 
2016-02-18,,,5.65 ,,5.21 
2016-02-17,,,5.68 ,,5.21 
2016-02-16,,,5.69 ,,5.19 
2016-02-15,,,5.83 ,,5.21 
2016-02-14,,,5.65 ,,5.20 
2016-02-06,,,5.95 ,,5.14 
2016-02-05,,27.55 ,5.77 ,,5.17 
2016-02-04,,,5.75 ,,5.16 
2016-02-03,,,5.61 ,,5.10 
2016-02-02,,,5.58 ,,5.15 
2016-02-01,,,5.54 ,,5.14 
2016-01-31,1.75 ,,,,
2016-01-29,,26.28 ,5.07 ,,5.05 
2016-01-28,,,4.99 ,,5.06 
2016-01-27,,,4.88 ,,4.99 
2016-01-26,,,4.86 ,,5.06 
2016-01-25,,,4.82 ,,5.03 
2016-01-22,,26.24 ,4.57 ,,5.00 
2016-01-21,,,4.40 ,,5.02 
2016-01-20,,,4.28 ,,5.02 
2016-01-19,,,4.25 ,,5.01 
2016-01-18,,,4.23 ,,5.03 
2016-01-15,,26.44 ,4.16 ,,5.10 
2016-01-14,,,4.16 ,,5.06 
2016-01-13,,,4.13 ,,5.03 
2016-01-12,,,4.13 ,,5.10 
2016-01-11,,,4.09 ,,4.95 
2016-01-08,,25.76 ,4.11 ,,4.99 
2016-01-07,,,4.14 ,,4.91 
2016-01-06,,,4.16 ,,4.95 
2016-01-05,,,4.18 ,,4.95 
2016-01-04,,,4.18 ,,4.95 
2016-01-01,,24.54 ,,,
2015-12-31,1.64 ,,4.15 ,,4.96 
2015-12-30,,,4.15 ,,4.99 
2015-12-29,,,4.14 ,,4.93 
2015-12-28,,,4.14 ,,4.99 
2015-12-25,,24.02 ,4.14 ,,4.94 
2015-12-24,,,4.16 ,,4.90 
2015-12-23,,,4.14 ,,4.94 
2015-12-22,,,4.19 ,,4.94 
2015-12-21,,,4.16 ,,4.91 
2015-12-18,,24.39 ,4.15 ,,4.90 
2015-12-17,,,4.13 ,,4.89 
2015-12-16,,,4.12 ,,4.88 
2015-12-15,,,4.09 ,,4.90 
2015-12-14,,,4.10 ,,4.95 
2015-12-11,,24.12 ,4.11 ,,4.86 
2015-12-10,,,4.10 ,,4.83 
2015-12-09,,,4.12 ,,4.88 
2015-12-08,,,4.07 ,,4.90 
2015-12-07,,,4.06 ,,4.89 
2015-12-04,,24.08 ,4.06 ,,4.99 
2015-12-03,,,4.06 ,,5.04 
2015-12-02,,,4.05 ,,4.97 
2015-12-01,,,3.97 ,,4.99 
2015-11-30,1.49 ,,3.94 ,,4.94 
2015-11-27,,24.11 ,3.84 ,,4.87 
2015-11-26,,,3.85 ,,4.93 
2015-11-25,,,3.73 ,,4.85 
2015-11-24,,,3.64 ,,4.93 
2015-11-23,,,3.57 ,,4.84 
2015-11-20,,23.97 ,3.46 ,,4.94 
2015-11-19,,,3.45 ,,4.91 
2015-11-18,,,3.44 ,,4.94 
2015-11-17,,,3.40 ,,4.97 
2015-11-16,,,3.40 ,,4.90 
2015-11-13,,24.63 ,3.35 ,,4.97 
2015-11-12,,,3.33 ,,4.97 
2015-11-11,,,3.28 ,,5.00 
2015-11-10,,,3.30 ,,5.01 
2015-11-09,,,3.28 ,,4.92 
2015-11-06,,24.26 ,3.21 ,,4.93 
2015-11-05,,,3.22 ,,4.91 
2015-11-04,,,3.20 ,,4.90 
2015-11-03,,,3.17 ,,4.83 
2015-11-02,,,3.17 ,,4.88 
2015-10-31,1.27 ,,,,
2015-10-30,,25.26 ,3.13 ,,4.81 
2015-10-29,,,3.13 ,,4.87 
2015-10-28,,,3.14 ,,4.80 
2015-10-27,,,3.13 ,,4.82 
2015-10-26,,,3.14 ,,4.85 
2015-10-23,,25.30 ,3.15 ,,4.77 
2015-10-22,,,3.19 ,,4.75 
2015-10-21,,,3.25 ,,4.70 
2015-10-20,,,3.27 ,,4.70 
2015-10-19,,,3.28 ,,4.69 
2015-10-16,,26.45 ,3.33 ,,4.63 
2015-10-15,,,3.32 ,,4.61 
2015-10-14,,,3.32 ,,4.58 
2015-10-13,,,3.34 ,,4.71 
2015-10-12,,,3.31 ,,4.70 
2015-10-10,,,3.29 ,,4.72 
2015-10-09,,26.26 ,3.30 ,,4.68 
2015-10-08,,,3.37 ,,4.76 
2015-09-30,1.60 ,,3.42 ,,4.88 
2015-09-29,,,3.47 ,,4.84 
2015-09-28,,,3.45 ,,4.85 
2015-09-25,,27.03 ,3.51 ,,4.81 
2015-09-24,,,3.53 ,,4.82 
2015-09-23,,,3.56 ,,4.81 
2015-09-22,,,3.60 ,,4.84 
2015-09-21,,,3.67 ,,4.99 
2015-09-18,,27.38 ,3.74 ,,4.97 
2015-09-17,,,3.76 ,,4.96 
2015-09-16,,,3.73 ,,5.04 
2015-09-15,,,3.81 ,,5.02 
2015-09-14,,,3.78 ,,5.04 
2015-09-11,,27.22 ,3.74 ,,5.07 
2015-09-10,,,3.77 ,,5.06 
2015-09-09,,,3.77 ,,5.09 
2015-09-08,,,3.78 ,,5.12 
2015-09-07,,,3.79 ,,5.10 
2015-09-06,,,3.81 ,,5.14 
2015-09-02,,,3.87 ,,5.14 
2015-09-01,,,3.87 ,,5.07 
2015-08-31,1.96 ,,3.85 ,,5.08 
2015-08-28,,27.21 ,3.88 ,,5.17 
2015-08-27,,,3.92 ,,5.17 
2015-08-26,,,3.93 ,,5.19 
2015-08-25,,,3.92 ,,5.31 
2015-08-24,,,3.86 ,,5.29 
2015-08-21,,27.42 ,3.90 ,,5.29 
2015-08-20,,,3.90 ,,5.30 
2015-08-19,,,3.86 ,,5.31 
2015-08-18,,,3.89 ,,5.27 
2015-08-17,,,3.90 ,,5.27 
2015-08-14,,27.49 ,3.92 ,,5.38 
2015-08-13,,,3.91 ,,5.38 
2015-08-12,,,3.91 ,,5.38 
2015-08-11,,,3.87 ,,5.33 
2015-08-10,,,3.88 ,,5.37 
2015-08-07,,26.33 ,3.76 ,,5.35 
2015-08-06,,,3.73 ,,5.34 
2015-08-05,,,3.72 ,,5.42 
2015-08-04,,,3.69 ,,5.38 
2015-08-03,,,3.62 ,,5.35 
2015-07-31,1.65 ,26.29 ,3.61 ,,5.34 
2015-07-30,,,3.59 ,,5.45 
2015-07-29,,,3.57 ,,5.38 
2015-07-28,,,3.56 ,,5.47 
2015-07-27,,,3.54 ,,5.46 
2015-07-24,,25.94 ,3.53 ,,5.54 
2015-07-23,,,3.56 ,,5.60 
2015-07-22,,,3.52 ,,5.56 
2015-07-21,,,3.52 ,,5.57 
2015-07-20,,,3.52 ,,5.58 
2015-07-17,,25.98 ,3.53 ,,5.64 
2015-07-16,,,3.52 ,,5.65 
2015-07-15,,,3.52 ,,5.64 
2015-07-14,,,3.53 ,,5.66 
2015-07-13,,,3.53 ,,5.72 
2015-07-10,,24.18 ,3.50 ,,5.69 
2015-07-09,,,3.52 ,,5.67 
2015-07-08,,,3.49 ,,5.69 
2015-07-07,,,3.48 ,,5.68 
2015-07-06,,,3.46 ,,5.83 
2015-07-03,,23.33 ,3.44 ,,5.85 
2015-07-02,,,3.41 ,,5.94 
2015-07-01,,,3.42 ,,6.00 
2015-06-30,1.39 ,,3.40 ,,5.98 
2015-06-29,,,3.40 ,,5.89 
2015-06-26,,23.02 ,3.44 ,,5.88 
2015-06-25,,,3.47 ,,6.03 
2015-06-24,,,3.46 ,,6.06 
2015-06-23,,,3.47 ,,6.06 
2015-06-19,,22.98 ,3.52 ,,6.10 
2015-06-18,,,3.50 ,,6.13 
2015-06-17,,,3.52 ,,6.12 
2015-06-16,,,3.52 ,,6.09 
2015-06-15,,,3.52 ,,6.10 
2015-06-12,,22.34 ,3.52 ,,6.20 
2015-06-11,,,3.50 ,,6.15 
2015-06-10,,,3.50 ,,6.11 
2015-06-09,,,3.46 ,,6.08 
2015-06-08,,,3.43 ,,6.06 
2015-06-05,,22.00 ,3.40 ,,6.07 
2015-06-04,,,3.37 ,,6.14 
2015-06-03,,,3.36 ,,6.18 
2015-06-02,,,3.35 ,,6.25 
2015-06-01,,,3.35 ,,6.26 
2015-05-31,1.23 ,,,,
2015-05-29,,21.63 ,3.32 ,,6.49 
2015-05-28,,,3.34 ,,6.54 
2015-05-27,,,3.34 ,,6.55 
2015-05-26,,,3.33 ,,6.50 
2015-05-25,,,3.34 ,,6.62 
2015-05-22,,21.73 ,3.30 ,,6.56 
2015-05-21,,,3.36 ,,6.58 
2015-05-20,,,3.37 ,,6.54 
2015-05-19,,,3.39 ,,6.51 
2015-05-18,,,3.40 ,,6.56 
2015-05-15,,21.22 ,3.45 ,,6.59 
2015-05-14,,,3.42 ,,6.55 
2015-05-13,,,3.41 ,,6.56 
2015-05-12,,,3.40 ,,6.54 
2015-05-11,,,3.43 ,,6.45 
2015-05-08,,21.44 ,3.45 ,,6.42 
2015-05-07,,,3.52 ,,6.43 
2015-05-06,,,3.57 ,,6.44 
2015-05-05,,,3.54 ,,6.41 
2015-05-04,,,3.56 ,,6.36 
2015-05-01,,20.75 ,,,
2015-04-30,1.51 ,,3.63 ,,6.26 
2015-04-29,,,3.66 ,,6.21 
2015-04-28,,,3.75 ,,6.22 
2015-04-27,,,3.80 ,,6.27 
2015-04-24,,20.73 ,3.87 ,,6.23 
2015-04-23,,,3.91 ,,6.25 
2015-04-22,,,3.96 ,,6.21 
2015-04-21,,,4.01 ,,6.25 
2015-04-20,,,4.02 ,,6.21 
2015-04-17,,20.24 ,4.06 ,,6.17 
2015-04-16,,,4.06 ,,6.18 
2015-04-15,,,4.09 ,,6.16 
2015-04-14,,,4.05 ,,6.16 
2015-04-13,,,4.03 ,,6.14 
2015-04-10,,20.33 ,4.01 ,,6.08 
2015-04-09,,,3.98 ,,6.08 
2015-04-08,,,4.01 ,,6.10 
2015-04-07,,,3.93 ,,6.06 
2015-04-03,,20.15 ,3.79 ,,6.07 
2015-04-02,,,3.81 ,,6.03 
2015-04-01,,,3.78 ,,6.01 
2015-03-31,1.38 ,,3.85 ,,6.03 
2015-03-30,,,3.86 ,,6.06 
2015-03-27,,19.63 ,3.87 ,,6.09 
2015-03-26,,,3.85 ,,6.10 
2015-03-25,,,3.87 ,,6.10 
2015-03-24,,,3.87 ,,6.08 
2015-03-23,,,3.87 ,,6.10 
2015-03-20,,20.10 ,3.92 ,,6.12 
2015-03-19,,,3.96 ,,6.18 
2015-03-18,,,3.98 ,,6.18 
2015-03-17,,,3.99 ,,6.24 
2015-03-16,,,4.01 ,,6.25 
2015-03-13,,20.13 ,4.05 ,,6.26 
2015-03-12,,,4.10 ,,6.26 
2015-03-11,,,4.10 ,,6.29 
2015-03-10,,,4.12 ,,6.34 
2015-03-09,,,4.18 ,,6.40 
2015-03-06,,19.92 ,4.23 ,,6.42 
2015-03-05,,,4.25 ,,6.47 
2015-03-04,,,4.31 ,,6.53 
2015-03-03,,,4.32 ,,6.48 
2015-03-02,,,4.37 ,,6.45 
2015-02-28,1.43 ,,4.49 ,,6.36 
2015-02-27,,,4.52 ,,6.40 
2015-02-26,,,4.54 ,,6.41 
2015-02-25,,,4.63 ,,6.30 
2015-02-17,,,4.69 ,,6.32 
2015-02-16,,,4.60 ,,6.25 
2015-02-15,,,4.47 ,,6.17 
2015-02-13,,19.83 ,4.40 ,,6.18 
2015-02-12,,,4.34 ,,6.19 
2015-02-11,,,4.28 ,,6.15 
2015-02-10,,,4.22 ,,6.13 
2015-02-09,,,4.24 ,,6.02 
2015-02-06,,20.00 ,4.21 ,,5.98 
2015-02-05,,,4.21 ,,5.94 
2015-02-04,,,4.16 ,,5.98 
2015-02-03,,,4.19 ,,6.01 
2015-02-02,,,4.18 ,,5.98 
2015-01-31,0.76 ,,,,
2015-01-30,,20.29 ,4.18 ,,5.90 
2015-01-29,,,4.12 ,,5.83 
2015-01-28,,,4.06 ,,5.83 
2015-01-27,,,4.04 ,,5.80 
2015-01-26,,,3.97 ,,5.76 
2015-01-23,,20.29 ,3.93 ,,5.71 
2015-01-22,,,3.94 ,,5.69 
2015-01-21,,,3.91 ,,5.69 
2015-01-20,,,3.90 ,,5.68 
2015-01-19,,,3.90 ,,5.62 
2015-01-16,,21.08 ,3.89 ,,5.60 
2015-01-15,,,3.96 ,,5.64 
2015-01-14,,,3.95 ,,5.68 
2015-01-13,,,3.94 ,,5.64 
2015-01-12,,,3.92 ,,5.53 
2015-01-09,,21.08 ,3.94 ,,5.48 
2015-01-08,,,3.95 ,,5.50 
2015-01-07,,,4.01 ,,5.48 
2015-01-06,,,3.98 ,,5.45 
2015-01-05,,,3.99 ,,5.48 
2015-01-04,,,3.98 ,,5.43 
2015-01-02,,20.64 ,,,
2014-12-31,1.51 ,,3.94 ,,5.45 
2014-12-30,,,3.95 ,,5.46 
2014-12-29,,,3.94 ,,5.49 
2014-12-26,,21.51 ,3.95 ,,5.53 
2014-12-25,,,3.99 ,,5.49 
2014-12-24,,,3.99 ,,5.48 
2014-12-23,,,3.99 ,,5.50 
2014-12-22,,,3.98 ,,5.48 
2014-12-19,,21.19 ,3.92 ,,5.47 
2014-12-18,,,3.90 ,,5.47 
2014-12-17,,,3.86 ,,5.40 
2014-12-16,,,3.85 ,,5.39 
2014-12-15,,,3.87 ,,5.41 
2014-12-12,,21.53 ,3.78 ,,5.32 
2014-12-11,,,3.80 ,,5.32 
2014-12-10,,,3.77 ,,5.35 
2014-12-09,,,3.77 ,,5.35 
2014-12-08,,,3.76 ,,5.38 
2014-12-05,,21.50 ,3.70 ,,5.35 
2014-12-04,,,3.69 ,,5.35 
2014-12-03,,,3.63 ,,5.34 
2014-12-02,,,3.61 ,,5.38 
2014-12-01,,,3.53 ,,5.35 
2014-11-30,1.44 ,,,,
2014-11-28,,21.57 ,3.47 ,,5.30 
2014-11-27,,,3.50 ,,5.27 
2014-11-26,,,3.49 ,,5.25 
2014-11-25,,,3.48 ,,5.25 
2014-11-24,,,3.44 ,,5.25 
2014-11-21,,21.88 ,3.42 ,,5.66 
2014-11-20,,,3.45 ,,5.65 
2014-11-19,,,3.45 ,,5.66 
2014-11-18,,,3.42 ,,5.67 
2014-11-17,,,3.41 ,,5.58 
2014-11-14,,21.65 ,3.38 ,,5.53 
2014-11-13,,,3.36 ,,5.59 
2014-11-12,,,3.34 ,,5.60 
2014-11-07,,21.97 ,,,
2014-11-06,,,3.28 ,,5.55 
2014-11-05,,,3.27 ,,5.55 
2014-11-04,,,3.31 ,,5.56 
2014-11-03,,,3.30 ,,5.51 
2014-10-31,1.60 ,21.91 ,3.34 ,,5.52 
2014-10-30,,,3.30 ,,5.49 
2014-10-29,,,3.33 ,,5.50 
2014-10-28,,,3.35 ,,5.45 
2014-10-27,,,3.33 ,,5.40 
2014-10-24,,21.90 ,3.40 ,,5.46 
2014-10-23,,,3.46 ,,5.52 
2014-10-22,,,3.48 ,,5.46 
2014-10-21,,,3.49 ,,5.48 
2014-10-20,,,3.51 ,,5.41 
2014-10-17,,22.18 ,3.58 ,,5.45 
2014-10-16,,,3.58 ,,5.47 
2014-10-15,,,3.59 ,,5.44 
2014-10-14,,,3.60 ,,5.45 
2014-10-13,,,3.59 ,,5.39 
2014-10-11,,,3.56 ,,5.39 
2014-10-10,,22.00 ,3.61 ,,5.45 
2014-10-09,,,3.63 ,,5.47 
2014-10-08,,,3.60 ,,5.45 
2014-10-03,,22.38 ,,,
2014-09-30,1.63 ,,3.62 ,,5.51 
2014-09-29,,,3.63 ,,5.47 
2014-09-28,,,3.64 ,,5.56 
2014-09-26,,22.73 ,3.63 ,,5.64 
2014-09-25,,,3.67 ,,5.70 
2014-09-24,,,3.72 ,,5.70 
2014-09-23,,,3.70 ,,5.60 
2014-09-22,,,3.68 ,,5.57 
2014-09-19,,22.72 ,3.60 ,,5.59 
2014-09-18,,,3.62 ,,5.61 
2014-09-17,,,3.58 ,,5.56 
2014-09-16,,,3.54 ,,5.48 
2014-09-15,,,3.55 ,,5.48 
2014-09-12,,22.71 ,3.55 ,,5.58 
2014-09-11,,,3.55 ,,5.53 
2014-09-10,,,3.56 ,,5.53 
2014-09-09,,,3.59 ,,5.53 
2014-09-05,,23.12 ,3.63 ,,5.57 
2014-09-04,,,3.58 ,,5.67 
2014-09-03,,,3.58 ,,5.73 
2014-09-02,,,3.59 ,,5.63 
2014-09-01,,,3.60 ,,5.64 
2014-08-31,1.99 ,,,,
2014-08-29,,23.29 ,3.61 ,,5.56 
2014-08-28,,,3.62 ,,5.72 
2014-08-27,,,3.57 ,,5.81 
2014-08-26,,,3.58 ,,5.74 
2014-08-25,,,3.55 ,,5.71 
2014-08-22,,22.76 ,3.52 ,,5.75 
2014-08-21,,,3.53 ,,5.77 
2014-08-20,,,3.55 ,,5.86 
2014-08-19,,,3.52 ,,5.91 
2014-08-18,,,3.51 ,,5.97 
2014-08-15,,22.62 ,3.52 ,,5.89 
2014-08-14,,,3.49 ,,5.94 
2014-08-13,,,3.45 ,,5.98 
2014-08-12,,,3.44 ,,6.04 
2014-08-11,,,3.47 ,,6.00 
2014-08-08,,21.93 ,3.39 ,,6.10 
2014-08-07,,,3.41 ,,6.09 
2014-08-06,,,3.36 ,,6.10 
2014-08-05,,,3.35 ,,6.19 
2014-08-04,,,3.36 ,,6.13 
2014-08-01,,21.13 ,3.35 ,,6.36 
2014-07-31,2.29 ,,3.34 ,,6.44 
2014-07-30,,,3.39 ,,6.38 
2014-07-29,,,3.34 ,,6.43 
2014-07-28,,,3.35 ,,6.55 
2014-07-25,,21.28 ,3.32 ,,6.45 
2014-07-24,,,3.35 ,,6.51 
2014-07-23,,,3.32 ,,6.41 
2014-07-22,,,3.32 ,,6.61 
2014-07-21,,,3.33 ,,6.73 
2014-07-18,,21.13 ,3.37 ,,6.76 
2014-07-17,,,3.37 ,,6.72 
2014-07-16,,,3.39 ,,6.74 
2014-07-15,,,3.39 ,,6.70 
2014-07-14,,,3.42 ,,6.78 
2014-07-11,,20.79 ,3.39 ,,6.88 
2014-07-10,,,3.40 ,,7.04 
2014-07-09,,,3.37 ,,7.13 
2014-07-08,,,3.37 ,,7.16 
2014-07-07,,,3.40 ,,7.12 
2014-07-04,,20.20 ,3.37 ,,7.26 
2014-07-03,,,3.39 ,,7.28 
2014-07-02,,,3.37 ,,7.24 
2014-07-01,,,3.39 ,,7.29 
2014-06-30,2.34 ,,3.40 ,,7.33 
2014-06-27,,20.34 ,3.37 ,,7.27 
2014-06-26,,,3.38 ,,7.25 
2014-06-25,,,3.36 ,,7.27 
2014-06-24,,,3.32 ,,7.41 
2014-06-23,,,3.34 ,,7.32 
2014-06-20,,20.87 ,3.28 ,,7.32 
2014-06-19,,,3.30 ,,7.43 
2014-06-18,,,3.26 ,,7.40 
2014-06-17,,,3.31 ,,7.68 
2014-06-16,,,3.29 ,,7.81 
2014-06-13,,21.15 ,3.29 ,,7.91 
2014-06-12,,,3.27 ,,7.85 
2014-06-11,,,3.28 ,,7.86 
2014-06-10,,,3.25 ,,7.82 
2014-06-09,,,3.25 ,,7.81 
2014-06-06,,20.93 ,3.23 ,,7.87 
2014-06-05,,,3.21 ,,7.76 
2014-06-04,,,3.22 ,,7.78 
2014-06-03,,,3.18 ,,7.76 
2014-05-31,2.48 ,,,,
2014-05-30,,21.12 ,3.21 ,,7.78 
2014-05-29,,,3.16 ,,7.67 
2014-05-28,,,3.19 ,,7.70 
2014-05-27,,,3.21 ,,7.66 
2014-05-26,,,3.22 ,,7.59 
2014-05-23,,20.89 ,3.24 ,,7.64 
2014-05-22,,,3.26 ,,7.57 
2014-05-21,,,3.30 ,,7.60 
2014-05-20,,,3.31 ,,7.47 
2014-05-19,,,3.37 ,,7.54 
2014-05-16,,20.65 ,3.40 ,,7.38 
2014-05-15,,,3.44 ,,7.37 
2014-05-14,,,3.50 ,,7.45 
2014-05-13,,,3.48 ,,7.32 
2014-05-12,,,3.49 ,,7.36 
2014-05-09,,18.51 ,3.50 ,,7.31 
2014-05-08,,,3.53 ,,7.42 
2014-05-07,,,3.56 ,,7.51 
2014-05-06,,,3.53 ,,7.37 
2014-05-05,,,3.55 ,,7.26 
2014-05-04,,,3.60 ,,7.36 
2014-05-02,,17.31 ,,,
2014-04-30,1.80 ,,3.60 ,,7.39 
2014-04-29,,,3.57 ,,7.27 
2014-04-28,,,3.54 ,,7.13 
2014-04-25,,17.17 ,3.55 ,,6.99 
2014-04-24,,,3.55 ,,6.99 
2014-04-23,,,3.57 ,,6.84 
2014-04-22,,,3.59 ,,6.95 
2014-04-21,,,3.64 ,,6.97 
2014-04-18,,,3.66 ,,7.02 
2014-04-17,,,3.72 ,,7.07 
2014-04-16,,,3.76 ,,7.17 
2014-04-15,,,3.78 ,,7.03 
2014-04-14,,,3.82 ,,6.87 
2014-04-11,,18.13 ,3.86 ,,6.89 
2014-04-10,,,3.87 ,,6.94 
2014-04-09,,,3.93 ,,6.65 
2014-04-08,,,3.91 ,,6.56 
2014-04-04,,18.40 ,3.88 ,,6.68 
2014-04-03,,,3.93 ,,6.67 
2014-04-02,,,3.92 ,,6.63 
2014-04-01,,,3.91 ,,6.64 
2014-03-31,2.38 ,,3.97 ,,6.66 
2014-03-28,,17.93 ,4.04 ,,6.62 
2014-03-27,,,4.04 ,,6.53 
2014-03-26,,,4.12 ,,6.47 
2014-03-25,,,4.15 ,,6.36 
2014-03-24,,,4.12 ,,6.42 
2014-03-21,,18.99 ,4.16 ,,6.51 
2014-03-20,,,4.21 ,,6.48 
2014-03-19,,,4.25 ,,6.49 
2014-03-18,,,4.26 ,,6.56 
2014-03-17,,,4.29 ,,6.42 
2014-03-14,,19.98 ,4.34 ,,6.39 
2014-03-13,,,4.35 ,,6.43 
2014-03-12,,,4.37 ,,6.37 
2014-03-11,,,4.37 ,,6.42 
2014-03-10,,,4.34 ,,6.42 
2014-03-07,,19.81 ,4.37 ,,6.49 
2014-03-06,,,4.40 ,,6.51 
2014-03-05,,,4.37 ,,6.40 
2014-03-04,,,4.43 ,,6.44 
2014-03-03,,,4.41 ,,6.44 
2014-02-28,1.95 ,20.23 ,,,
2014-02-27,,,4.42 ,,6.53 
2014-02-26,,,4.42 ,,6.50 
2014-02-25,,,4.42 ,,6.52 
2014-02-24,,,4.42 ,,6.55 
2014-02-21,,20.80 ,4.43 ,,6.55 
2014-02-20,,,4.43 ,,6.50 
2014-02-19,,,4.48 ,,6.51 
2014-02-18,,,4.44 ,,6.55 
2014-02-17,,,4.42 ,,6.63 
2014-02-14,,20.94 ,4.45 ,,6.79 
2014-02-13,,,4.48 ,,6.87 
2014-02-12,,,4.49 ,,6.91 
2014-02-11,,,4.50 ,,6.84 
2014-02-10,,,4.57 ,,6.99 
2014-02-08,,,4.52 ,,7.02 
2014-02-07,,,4.54 ,,7.04 
2014-01-31,2.49 ,,,,
2014-01-30,,,4.57 ,,6.83 
2014-01-29,,,4.55 ,,6.80 
2014-01-28,,,4.38 ,,6.69 
2014-01-27,,,4.31 ,,6.60 
2014-01-26,,,4.24 ,,6.66 
2014-01-24,,20.64 ,4.29 ,,6.65 
2014-01-23,,,4.19 ,,6.47 
2014-01-22,,,4.18 ,,6.52 
2014-01-21,,,4.11 ,,6.40 
2014-01-20,,,4.03 ,,6.49 
2014-01-17,,21.82 ,3.96 ,,6.40 
2014-01-16,,,3.96 ,,6.41 
2014-01-15,,,3.92 ,,6.44 
2014-01-14,,,3.94 ,,6.37 
2014-01-13,,,3.94 ,,6.33 
2014-01-10,,22.73 ,3.95 ,,6.28 
2014-01-09,,,3.96 ,,6.22 
2014-01-08,,,3.92 ,,6.16 
2014-01-07,,,3.90 ,,6.08 
2014-01-06,,,3.91 ,,6.01 
2014-01-03,,23.59 ,3.88 ,,6.00 
2014-01-02,,,3.87 ,,5.99 
2013-12-31,2.50 ,,3.82 ,,5.91 
2013-12-30,,,3.80 ,,5.85 
2013-12-27,,23.83 ,3.77 ,,5.82 
2013-12-26,,,3.71 ,,5.86 
2013-12-25,,,3.69 ,,5.76 
2013-12-24,,,3.69 ,,5.81 
2013-12-23,,,3.68 ,,5.72 
2013-12-20,,23.78 ,3.61 ,,5.67 
2013-12-19,,,3.61 ,,5.66 
2013-12-18,,,3.60 ,,5.64 
2013-12-17,,,3.58 ,,5.66 
2013-12-16,,,3.59 ,,5.70 
2013-12-13,,23.76 ,3.56 ,,5.66 
2013-12-12,,,3.56 ,,5.65 
2013-12-11,,,3.60 ,,5.69 
2013-12-10,,,3.59 ,,5.61 
2013-12-09,,,3.62 ,,5.65 
2013-12-06,,23.81 ,3.61 ,,5.49 
2013-12-05,,,3.60 ,,5.46 
2013-12-04,,,3.66 ,,5.49 
2013-12-03,,,3.64 ,,5.33 
2013-12-02,,,3.64 ,,5.44 
2013-11-30,3.02 ,,,,
2013-11-29,,23.76 ,3.68 ,,5.37 
2013-11-28,,,3.67 ,,5.33 
2013-11-27,,,3.62 ,,5.34 
2013-11-26,,,3.60 ,,5.26 
2013-11-25,,,3.63 ,,5.25 
2013-11-22,,23.81 ,3.66 ,,5.27 
2013-11-21,,,3.64 ,,5.20 
2013-11-20,,,3.65 ,,5.25 
2013-11-19,,,3.64 ,,5.21 
2013-11-18,,,3.66 ,,5.15 
2013-11-15,,23.71 ,3.69 ,,5.15 
2013-11-14,,,3.70 ,,5.16 
2013-11-13,,,3.68 ,,5.14 
2013-11-12,,,3.70 ,,5.05 
2013-11-11,,,3.72 ,,5.04 
2013-11-08,,23.51 ,3.74 ,,5.07 
2013-11-07,,,3.76 ,,5.07 
2013-11-06,,,3.79 ,,5.10 
2013-11-05,,,3.80 ,,5.08 
2013-11-04,,,3.83 ,,5.10 
2013-11-01,,23.53 ,3.86 ,,5.10 
2013-10-31,3.21 ,,3.87 ,,5.08 
2013-10-30,,,3.86 ,,4.99 
2013-10-29,,,3.87 ,,4.95 
2013-10-28,,,3.89 ,,5.04 
2013-10-25,,23.57 ,3.88 ,,4.99 
2013-10-24,,,3.84 ,,4.99 
2013-10-23,,,3.84 ,,4.95 
2013-10-22,,,3.81 ,,5.02 
2013-10-21,,,3.80 ,,4.93 
2013-10-18,,23.51 ,3.74 ,,4.88 
2013-10-17,,,3.71 ,,4.88 
2013-10-16,,,3.71 ,,4.94 
2013-10-15,,,3.69 ,,4.88 
2013-10-14,,,3.71 ,,4.87 
2013-10-12,,,3.68 ,,4.92 
2013-10-11,,23.63 ,3.70 ,,4.91 
2013-10-10,,,3.73 ,,5.00 
2013-10-09,,,3.78 ,,4.97 
2013-10-08,,,3.80 ,,4.98 
2013-09-30,3.05 ,,3.75 ,,5.07 
2013-09-29,,,3.70 ,,5.07 
2013-09-27,,23.72 ,3.68 ,,5.10 
2013-09-26,,,3.64 ,,5.10 
2013-09-25,,,3.69 ,,5.13 
2013-09-24,,,3.67 ,,5.14 
2013-09-23,,,3.69 ,,5.07 
2013-09-22,,,3.69 ,,5.04 
2013-09-20,,23.85 ,,,
2013-09-18,,,3.72 ,,5.16 
2013-09-17,,,3.71 ,,5.14 
2013-09-16,,,3.73 ,,5.09 
2013-09-13,,23.94 ,3.74 ,,5.04 
2013-09-12,,,3.77 ,,5.09 
2013-09-11,,,3.79 ,,5.06 
2013-09-10,,,3.82 ,,5.15 
2013-09-09,,,3.86 ,,5.18 
2013-09-06,,23.96 ,3.87 ,,5.03 
2013-09-05,,,3.86 ,,5.03 
2013-09-04,,,3.83 ,,4.96 
2013-09-03,,,3.83 ,,5.00 
2013-09-02,,,3.75 ,,5.04 
2013-08-31,2.57 ,,,,
2013-08-30,,23.86 ,3.63 ,,4.97 
2013-08-29,,,3.69 ,,5.11 
2013-08-28,,,3.67 ,,5.15 
2013-08-27,,,3.63 ,,5.07 
2013-08-26,,,3.64 ,,5.01 
2013-08-23,,23.66 ,3.65 ,,5.07 
2013-08-22,,,3.65 ,,5.00 
2013-08-21,,,3.60 ,,5.06 
2013-08-20,,,3.56 ,,5.00 
2013-08-19,,,3.55 ,,4.96 
2013-08-16,,23.10 ,3.53 ,,5.08 
2013-08-15,,,3.52 ,,5.12 
2013-08-14,,,3.52 ,,5.08 
2013-08-13,,,3.46 ,,5.18 
2013-08-12,,,3.49 ,,5.20 
2013-08-09,,23.27 ,3.47 ,,5.10 
2013-08-08,,,3.46 ,,5.09 
2013-08-07,,,3.48 ,,5.12 
2013-08-06,,,3.47 ,,5.15 
2013-08-05,,,3.50 ,,5.19 
2013-08-02,,22.25 ,3.49 ,,5.16 
2013-08-01,,,3.54 ,,5.19 
2013-07-31,2.67 ,,3.51 ,,5.14 
2013-07-30,,,3.54 ,,5.12 
2013-07-29,,,3.51 ,,5.04 
2013-07-26,,22.00 ,3.52 ,,5.17 
2013-07-25,,,3.53 ,,5.14 
2013-07-24,,,3.49 ,,5.17 
2013-07-23,,,3.47 ,,5.16 
2013-07-22,,,3.49 ,,5.10 
2013-07-19,,21.70 ,3.43 ,,5.35 
2013-07-18,,,3.38 ,,5.32 
2013-07-17,,,3.37 ,,5.26 
2013-07-16,,,3.36 ,,5.36 
2013-07-15,,,3.34 ,,5.28 
2013-07-12,,21.86 ,3.24 ,,5.36 
2013-07-11,,,3.23 ,,5.39 
2013-07-10,,,3.19 ,,5.47 
2013-07-09,,,3.15 ,,5.55 
2013-07-08,,,3.19 ,,5.63 
2013-07-05,,21.60 ,3.18 ,,5.67 
2013-07-04,,,3.21 ,,5.64 
2013-07-03,,,3.19 ,,5.59 
2013-07-02,,,3.18 ,,5.63 
2013-06-30,2.67 ,,,,
2013-06-28,,21.73 ,3.16 ,,5.78 
2013-06-27,,,3.16 ,,5.95 
2013-06-26,,,3.16 ,,5.91 
2013-06-25,,,3.15 ,,5.99 
2013-06-24,,,3.16 ,,5.95 
2013-06-21,,21.95 ,3.19 ,,5.97 
2013-06-20,,,3.19 ,,5.80 
2013-06-19,,,3.16 ,,5.93 
2013-06-18,,,3.19 ,,5.93 
2013-06-17,,,3.20 ,,5.95 
2013-06-14,,21.64 ,3.19 ,,5.95 
2013-06-13,,,3.23 ,,5.97 
2013-06-09,,,3.12 ,,5.88 
2013-06-07,,21.67 ,3.12 ,,5.95 
2013-06-06,,,3.13 ,,5.97 
2013-06-05,,,3.12 ,,5.96 
2013-06-04,,,3.15 ,,6.01 
2013-06-03,,,3.12 ,,5.96 
2013-05-31,2.10 ,21.16 ,3.10 ,,5.92 
2013-05-30,,,3.09 ,,5.99 
2013-05-29,,,3.07 ,,6.06 
2013-05-28,,,3.14 ,,6.05 
2013-05-27,,,3.10 ,,5.94 
2013-05-24,,20.77 ,3.15 ,,5.87 
2013-05-23,,,3.20 ,,5.73 
2013-05-22,,,3.21 ,,5.73 
2013-05-21,,,3.23 ,,5.74 
2013-05-20,,,3.24 ,,5.79 
2013-05-17,,20.90 ,3.28 ,,5.80 
2013-05-16,,,3.32 ,,5.80 
2013-05-15,,,3.30 ,,5.63 
2013-05-14,,,3.35 ,,5.68 
2013-05-13,,,3.32 ,,5.63 
2013-05-10,,20.93 ,3.42 ,,5.59 
2013-05-09,,,3.49 ,,5.58 
2013-05-08,,,3.54 ,,5.65 
2013-05-07,,,3.58 ,,5.57 
2013-05-06,,,3.64 ,,5.41 
2013-05-03,,20.89 ,3.82 ,,5.53 
2013-05-02,,,3.84 ,,5.47 
2013-04-30,2.39 ,,,,
2013-04-28,,,4.06 ,,5.49 
2013-04-27,,,4.09 ,,5.47 
2013-04-26,,20.34 ,4.10 ,,5.36 
2013-04-25,,,4.14 ,,5.44 
2013-04-24,,,4.17 ,,5.42 
2013-04-23,,,4.15 ,,5.41 
2013-04-22,,,4.10 ,,5.27 
2013-04-19,,20.22 ,4.08 ,,5.34 
2013-04-18,,,4.12 ,,5.25 
2013-04-17,,,4.16 ,,5.30 
2013-04-16,,,4.17 ,,5.18 
2013-04-15,,,4.18 ,,5.22 
2013-04-12,,20.43 ,4.08 ,,5.18 
2013-04-11,,,4.09 ,,5.18 
2013-04-10,,,4.03 ,,5.16 
2013-04-09,,,3.93 ,,5.26 
2013-04-08,,,3.92 ,,5.31 
2013-04-07,,,3.80 ,,5.16 
2013-04-05,,21.32 ,,,
2013-04-03,,,3.69 ,,5.09 
2013-04-02,,,3.71 ,,5.03 
2013-04-01,,,3.67 ,,5.07 
2013-03-31,2.07 ,,,,
2013-03-29,,21.98 ,3.67 ,,5.08 
2013-03-28,,,3.66 ,,5.08 
2013-03-27,,,3.65 ,,5.05 
2013-03-26,,,3.63 ,,5.02 
2013-03-25,,,3.62 ,,5.07 
2013-03-22,,22.27 ,3.64 ,,5.12 
2013-03-21,,,3.66 ,,5.19 
2013-03-20,,,3.68 ,,5.26 
2013-03-19,,,3.64 ,,5.28 
2013-03-18,,,3.68 ,,5.30 
2013-03-15,,22.66 ,3.65 ,,5.29 
2013-03-14,,,3.63 ,,5.39 
2013-03-13,,,3.66 ,,5.31 
2013-03-12,,,3.67 ,,5.38 
2013-03-11,,,3.62 ,,5.36 
2013-03-08,,23.19 ,3.68 ,,5.34 
2013-03-07,,,3.74 ,,5.30 
2013-03-06,,,3.74 ,,5.32 
2013-03-05,,,3.81 ,,5.36 
2013-03-04,,,3.84 ,,5.41 
2013-03-01,,23.94 ,3.93 ,,5.49 
2013-02-28,3.22 ,,3.97 ,,5.41 
2013-02-27,,,4.00 ,,5.44 
2013-02-26,,,4.05 ,,5.45 
2013-02-25,,,4.15 ,,5.46 
2013-02-22,,24.05 ,4.30 ,,5.43 
2013-02-21,,,4.38 ,,5.46 
2013-02-20,,,4.46 ,,5.45 
2013-02-19,,,4.51 ,,5.44 
2013-02-18,,,4.52 ,,5.27 
2013-02-17,,,4.52 ,,5.28 
2013-02-16,,,4.61 ,,5.34 
2013-02-08,,,4.85 ,,5.37 
2013-02-07,,,4.64 ,,5.39 
2013-02-06,,,4.54 ,,5.23 
2013-02-05,,,4.43 ,,5.23 
2013-02-04,,,4.43 ,,5.21 
2013-02-01,,25.65 ,4.35 ,,5.19 
2013-01-31,2.03 ,,4.32 ,,5.22 
2013-01-29,,,4.32 ,,5.10 
2013-01-28,,,4.32 ,,5.16 
2013-01-25,,25.75 ,4.34 ,,5.20 
2013-01-24,,,4.37 ,,5.16 
2013-01-23,,,4.38 ,,5.04 
2013-01-22,,,4.38 ,,5.04 
2013-01-21,,,4.41 ,,5.04 
2013-01-18,,26.15 ,4.33 ,,5.02 
2013-01-17,,,4.29 ,,4.99 
2013-01-16,,,4.29 ,,4.98 
2013-01-15,,,4.28 ,,4.96 
2013-01-14,,,4.29 ,,4.92 
2013-01-11,,25.62 ,4.23 ,,4.81 
2013-01-10,,,4.24 ,,4.87 
2013-01-09,,,4.24 ,,4.89 
2013-01-08,,,4.25 ,,4.82 
2013-01-07,,,4.25 ,,4.75 
2013-01-06,,,4.28 ,,4.74 
2013-01-05,,,4.30 ,,4.74 
2013-01-04,,25.11 ,4.21 ,,4.73 
2012-12-31,2.52 ,,4.13 ,,4.63 
2012-12-28,,25.48 ,4.00 ,,4.69 
2012-12-27,,,3.99 ,,4.69 
2012-12-26,,,3.98 ,,4.74 
2012-12-25,,,3.90 ,,4.80 
2012-12-24,,,3.95 ,,4.75 
2012-12-21,,24.26 ,3.89 ,,4.76 
2012-12-20,,,3.83 ,,4.78 
2012-12-19,,,3.78 ,,4.72 
2012-12-18,,,3.81 ,,4.79 
2012-12-17,,,3.75 ,,4.72 
2012-12-14,,24.08 ,3.69 ,,4.78 
2012-12-13,,,3.65 ,,4.73 
2012-12-12,,,3.59 ,,4.67 
2012-12-11,,,3.54 ,,4.71 
2012-12-10,,,3.52 ,,4.73 
2012-12-07,,23.76 ,3.45 ,,4.74 
2012-12-06,,,3.43 ,,4.64 
2012-12-05,,,3.41 ,,4.66 
2012-12-04,,,3.41 ,,4.73 
2012-12-03,,,3.36 ,,4.67 
2012-11-30,2.04 ,23.36 ,3.26 ,,4.68 
2012-11-29,,,3.26 ,,4.73 
2012-11-28,,,3.24 ,,4.72 
2012-11-27,,,3.22 ,,4.73 
2012-11-26,,,3.23 ,,4.80 
2012-11-23,,22.71 ,3.17 ,,4.72 
2012-11-22,,,3.16 ,,4.72 
2012-11-21,,,3.15 ,,4.72 
2012-11-20,,,3.10 ,,4.63 
2012-11-19,,,3.02 ,,4.67 
2012-11-16,,22.31 ,3.04 ,,4.79 
2012-11-15,,,3.07 ,,4.73 
2012-11-14,,,3.07 ,,4.64 
2012-11-13,,,3.06 ,,4.69 
2012-11-12,,,2.95 ,,4.64 
2012-11-09,,22.49 ,2.95 ,,4.62 
2012-11-08,,,2.92 ,,4.64 
2012-11-07,,,2.91 ,,4.68 
2012-11-06,,,2.83 ,,4.64 
2012-11-05,,,2.82 ,,4.63 
2012-11-02,,22.15 ,2.75 ,,4.56 
2012-11-01,,,2.73 ,,4.61 
2012-10-31,1.72 ,,2.72 ,,4.57 
2012-10-30,,,2.72 ,,4.63 
2012-10-29,,,2.68 ,,4.59 
2012-10-26,,22.66 ,2.66 ,,4.69 
2012-10-25,,,2.76 ,,4.71 
2012-10-24,,,2.75 ,,4.72 
2012-10-23,,,2.72 ,,4.64 
2012-10-22,,,2.70 ,,4.70 
2012-10-19,,22.20 ,2.70 ,,4.68 
2012-10-18,,,2.74 ,,4.65 
2012-10-17,,,2.74 ,,4.63 
2012-10-16,,,2.71 ,,4.56 
2012-10-15,,,2.73 ,,4.64 
2012-10-12,,22.84 ,2.76 ,,4.64 
2012-10-11,,,2.77 ,,4.66 
2012-10-10,,,2.80 ,,4.69 
2012-10-09,,,2.83 ,,4.75 
2012-10-08,,,2.88 ,,4.82 
2012-09-30,1.91 ,,,,
2012-09-29,,,2.90 ,,4.79 
2012-09-28,,22.70 ,2.90 ,,4.74 
2012-09-27,,,2.92 ,,4.64 
2012-09-26,,,2.95 ,,4.69 
2012-09-25,,,3.02 ,,4.67 
2012-09-24,,,2.99 ,,4.67 
2012-09-21,,22.70 ,3.16 ,,4.58 
2012-09-20,,,3.17 ,,4.53 
2012-09-19,,,3.20 ,,4.58 
2012-09-18,,,3.16 ,,4.56 
2012-09-17,,,3.17 ,,4.53 
2012-09-14,,22.95 ,3.15 ,,4.43 
2012-09-13,,,3.17 ,,4.47 
2012-09-12,,,3.26 ,,4.43 
2012-09-11,,,3.26 ,,4.41 
2012-09-10,,,3.30 ,,4.37 
2012-09-07,,22.62 ,3.43 ,,4.47 
2012-09-06,,,3.39 ,,4.44 
2012-09-05,,,3.38 ,,4.48 
2012-09-04,,,3.37 ,,4.40 
2012-09-03,,,3.41 ,,4.36 
2012-08-31,2.04 ,22.24 ,3.45 ,,4.42 
2012-08-30,,,3.50 ,,4.48 
2012-08-29,,,3.53 ,,4.51 
2012-08-28,,,3.58 ,,4.54 
2012-08-27,,,3.57 ,,4.53 
2012-08-24,,22.65 ,3.54 ,,4.48 
2012-08-23,,,3.55 ,,4.61 
2012-08-22,,,3.54 ,,4.51 
2012-08-21,,,3.51 ,,4.53 
2012-08-20,,,3.57 ,,4.67 
2012-08-17,,21.85 ,3.55 ,,4.62 
2012-08-16,,,3.53 ,,4.68 
2012-08-15,,,3.49 ,,4.62 
2012-08-14,,,3.48 ,,4.71 
2012-08-13,,,3.47 ,,4.69 
2012-08-10,,21.04 ,3.43 ,,4.72 
2012-08-09,,,3.43 ,,4.78 
2012-08-08,,,3.39 ,,4.69 
2012-08-07,,,3.40 ,,4.74 
2012-08-06,,,3.36 ,,4.72 
2012-08-03,,21.50 ,3.28 ,,4.80 
2012-08-02,,,3.22 ,,4.75 
2012-08-01,,,3.21 ,,4.78 
2012-07-31,1.78 ,,3.15 ,,4.87 
2012-07-30,,,3.15 ,,4.85 
2012-07-27,,21.52 ,3.10 ,,4.71 
2012-07-26,,,3.06 ,,4.85 
2012-07-25,,,3.04 ,,4.76 
2012-07-24,,,3.06 ,,4.86 
2012-07-23,,,3.02 ,,4.84 
2012-07-20,,21.40 ,3.01 ,,4.88 
2012-07-19,,,3.01 ,,4.91 
2012-07-18,,,3.01 ,,4.92 
2012-07-17,,,3.01 ,,4.83 
2012-07-16,,,3.01 ,,5.01 
2012-07-13,,21.67 ,2.92 ,,5.10 
2012-07-12,,,2.91 ,,5.07 
2012-07-11,,,2.91 ,,5.10 
2012-07-10,,,2.91 ,,5.14 
2012-07-09,,,2.89 ,,5.17 
2012-07-06,,21.61 ,2.88 ,,5.18 
2012-07-05,,,2.86 ,,5.03 
2012-07-04,,,2.88 ,,5.22 
2012-07-03,,,2.87 ,,5.20 
2012-07-02,,,2.85 ,,5.27 
2012-06-30,2.15 ,,,,
2012-06-29,,21.66 ,2.80 ,,5.38 
2012-06-28,,,2.83 ,,5.36 
2012-06-27,,,2.83 ,,5.42 
2012-06-26,,,2.84 ,,5.43 
2012-06-25,,,2.86 ,,5.51 
2012-06-22,,21.61 ,,,
2012-06-21,,,2.85 ,,5.40 
2012-06-20,,,2.92 ,,5.50 
2012-06-19,,,2.90 ,,5.53 
2012-06-18,,,2.91 ,,5.47 
2012-06-15,,21.94 ,2.90 ,,5.51 
2012-06-14,,,2.90 ,,5.55 
2012-06-13,,,2.91 ,,5.58 
2012-06-12,,,2.91 ,,5.74 
2012-06-11,,,2.90 ,,5.77 
2012-06-08,,21.76 ,2.94 ,,5.87 
2012-06-07,,,2.98 ,,5.86 
2012-06-06,,,3.05 ,,6.03 
2012-06-05,,,3.05 ,,6.06 
2012-06-04,,,3.07 ,,6.06 
2012-06-01,,21.51 ,3.12 ,,6.02 
2012-05-31,3.00 ,,3.15 ,,6.03 
2012-05-30,,,3.13 ,,5.94 
2012-05-29,,,3.14 ,,5.85 
2012-05-28,,,3.19 ,,5.81 
2012-05-25,,21.92 ,3.25 ,,5.69 
2012-05-24,,,3.26 ,,5.67 
2012-05-23,,,3.30 ,,5.65 
2012-05-22,,,3.32 ,,5.67 
2012-05-21,,,3.33 ,,5.60 
2012-05-18,,22.19 ,3.40 ,,5.55 
2012-05-17,,,3.42 ,,5.67 
2012-05-16,,,3.45 ,,5.63 
2012-05-15,,,3.41 ,,5.56 
2012-05-14,,,3.36 ,,5.54 
2012-05-11,,22.59 ,3.44 ,,5.57 
2012-05-10,,,3.45 ,,5.71 
2012-05-09,,,3.46 ,,5.85 
2012-05-08,,,3.50 ,,5.71 
2012-05-07,,,3.54 ,,5.51 
2012-05-04,,23.02 ,3.67 ,,5.63 
2012-05-03,,,3.67 ,,5.57 
2012-05-02,,,3.72 ,,5.51 
2012-04-30,3.37 ,,,,
2012-04-28,,,3.70 ,,5.31 
2012-04-27,,23.11 ,3.63 ,,5.32 
2012-04-26,,,3.66 ,,5.29 
2012-04-25,,,3.64 ,,5.25 
2012-04-24,,,3.63 ,,5.21 
2012-04-23,,,3.64 ,,5.26 
2012-04-20,,23.18 ,3.68 ,,5.22 
2012-04-19,,,3.70 ,,5.28 
2012-04-18,,,3.73 ,,5.26 
2012-04-17,,,3.69 ,,5.26 
2012-04-16,,,3.67 ,,5.21 
2012-04-13,,23.32 ,3.72 ,,5.23 
2012-04-12,,,3.77 ,,5.23 
2012-04-11,,,3.81 ,,5.18 
2012-04-10,,,3.80 ,,5.17 
2012-04-09,,,3.85 ,,5.16 
2012-04-06,,22.92 ,3.90 ,,5.18 
2012-04-05,,,3.92 ,,5.16 
2012-04-01,,,3.99 ,,5.11 
2012-03-31,3.59 ,,4.04 ,,5.18 
2012-03-30,,23.60 ,4.11 ,,5.13 
2012-03-29,,,4.15 ,,5.12 
2012-03-28,,,4.20 ,,5.22 
2012-03-27,,,4.20 ,,5.21 
2012-03-26,,,4.20 ,,5.13 
2012-03-23,,24.45 ,4.24 ,,5.16 
2012-03-22,,,4.23 ,,5.09 
2012-03-21,,,4.23 ,,5.09 
2012-03-20,,,4.23 ,,5.14 
2012-03-19,,,4.25 ,,5.17 
2012-03-16,,24.56 ,4.38 ,,5.16 
2012-03-15,,,4.39 ,,5.15 
2012-03-14,,,4.40 ,,5.13 
2012-03-13,,,4.38 ,,5.14 
2012-03-12,,,4.40 ,,5.13 
2012-03-09,,24.93 ,4.35 ,,5.11 
2012-03-08,,,4.31 ,,5.14 
2012-03-07,,,4.33 ,,5.13 
2012-03-06,,,4.31 ,,5.12 
2012-03-05,,,4.28 ,,5.16 
2012-03-02,,25.04 ,4.22 ,,5.12 
2012-03-01,,,4.18 ,,5.12 
2012-02-29,3.16 ,,4.17 ,,5.15 
2012-02-28,,,4.15 ,,5.17 
2012-02-27,,,4.14 ,,5.12 
2012-02-24,,25.39 ,4.13 ,,5.15 
2012-02-23,,,4.15 ,,5.18 
2012-02-22,,,4.15 ,,5.20 
2012-02-21,,,4.16 ,,5.18 
2012-02-20,,,4.14 ,,5.20 
2012-02-17,,26.31 ,4.12 ,,5.23 
2012-02-16,,,4.13 ,,5.24 
2012-02-15,,,4.17 ,,5.21 
2012-02-14,,,4.19 ,,5.16 
2012-02-13,,,4.13 ,,5.13 
2012-02-10,,26.06 ,4.14 ,,5.25 
2012-02-09,,,4.16 ,,5.33 
2012-02-08,,,4.16 ,,5.34 
2012-02-07,,,4.20 ,,5.43 
2012-02-06,,,4.16 ,,5.36 
2012-02-03,,26.60 ,4.33 ,,5.39 
2012-02-02,,,4.42 ,,5.43 
2012-02-01,,,4.44 ,,5.41 
2012-01-31,4.55 ,,4.37 ,,5.39 
2012-01-30,,,4.46 ,,5.40 
2012-01-29,,,4.50 ,,5.37 
2012-01-21,,,4.47 ,,5.44 
2012-01-20,,26.40 ,4.34 ,,5.38 
2012-01-19,,,4.29 ,,5.41 
2012-01-18,,,4.21 ,,5.33 
2012-01-17,,,4.07 ,,5.33 
2012-01-16,,,3.98 ,,5.38 
2012-01-13,,26.46 ,3.84 ,,5.33 
2012-01-12,,,3.81 ,,5.26 
2012-01-11,,,3.74 ,,5.25 
2012-01-10,,,3.77 ,,5.26 
2012-01-09,,,3.74 ,,5.31 
2012-01-06,,26.32 ,3.64 ,,5.28 
2012-01-05,,,3.65 ,,5.33 
2012-01-04,,,3.63 ,,5.32 
2011-12-31,4.07 ,,3.42 ,,5.30 
2011-12-30,,26.58 ,3.44 ,,5.31 
2011-12-29,,,3.41 ,,5.32 
2011-12-28,,,3.46 ,,5.41 
2011-12-27,,,3.43 ,,5.40 
2011-12-26,,,3.39 ,,5.41 
2011-12-23,,25.99 ,3.38 ,,5.40 
2011-12-22,,,3.35 ,,5.40 
2011-12-21,,,3.37 ,,5.41 
2011-12-20,,,3.34 ,,5.43 
2011-12-19,,,3.33 ,,5.39 
2011-12-16,,26.17 ,3.31 ,,5.42 
2011-12-15,,,3.28 ,,5.37 
2011-12-14,,,3.27 ,,5.42 
2011-12-13,,,3.21 ,,5.44 
2011-12-12,,,3.15 ,,5.38 
2011-12-09,,25.77 ,3.10 ,,5.40 
2011-12-08,,,3.07 ,,5.49 
2011-12-07,,,3.02 ,,5.37 
2011-12-06,,,2.93 ,,5.35 
2011-12-05,,,2.90 ,,5.28 
2011-12-02,,25.78 ,2.82 ,,5.28 
2011-12-01,,,2.87 ,,5.29 
2011-11-30,4.22 ,,2.82 ,,5.35 
2011-11-29,,,2.78 ,,5.32 
2011-11-28,,,2.75 ,,5.28 
2011-11-25,,26.10 ,2.73 ,,5.32 
2011-11-24,,,2.72 ,,5.33 
2011-11-23,,,2.72 ,,5.33 
2011-11-22,,,2.66 ,,5.38 
2011-11-21,,,2.67 ,,5.30 
2011-11-18,,26.32 ,2.66 ,,5.29 
2011-11-17,,,2.66 ,,5.28 
2011-11-16,,,2.65 ,,5.28 
2011-11-15,,,2.65 ,,5.22 
2011-11-14,,,2.62 ,,5.15 
2011-11-11,,26.80 ,2.61 ,,5.12 
2011-11-10,,,2.61 ,,5.09 
2011-11-09,,,2.59 ,,4.96 
2011-11-08,,,2.61 ,,5.04 
2011-11-07,,,2.55 ,,4.99 
2011-11-04,,26.88 ,2.60 ,,4.97 
2011-11-03,,,2.66 ,,4.98 
2011-11-02,,,2.66 ,,4.93 
2011-11-01,,,2.68 ,,4.94 
2011-10-31,5.50 ,,2.70 ,,4.90 
2011-10-28,,27.62 ,2.70 ,,4.78 
2011-10-27,,,2.68 ,,4.83 
2011-10-26,,,2.69 ,,4.78 
2011-10-25,,,2.70 ,,4.72 
2011-10-24,,,2.72 ,,4.78 
2011-10-21,,29.31 ,2.74 ,,4.72 
2011-10-20,,,2.78 ,,4.68 
2011-10-19,,,2.80 ,,4.64 
2011-10-18,,,2.81 ,,4.63 
2011-10-17,,,2.79 ,,4.56 
2011-10-14,,29.24 ,2.83 ,,4.58 
2011-10-13,,,2.85 ,,4.55 
2011-10-12,,,2.90 ,,4.54 
2011-10-11,,,2.93 ,,4.49 
2011-10-10,,,3.01 ,,4.44 
2011-10-09,,,3.07 ,,4.36 
2011-10-08,,,3.09 ,,4.26 
2011-09-30,6.07 ,29.79 ,3.09 ,,4.19 
2011-09-29,,,3.14 ,,4.27 
2011-09-28,,,3.19 ,,4.27 
2011-09-27,,,3.25 ,,4.30 
2011-09-26,,,3.28 ,,4.31 
2011-09-23,,29.04 ,3.24 ,,4.24 
2011-09-22,,,3.25 ,,4.24 
2011-09-21,,,3.20 ,,4.23 
2011-09-20,,,3.16 ,,4.20 
2011-09-19,,,3.12 ,,4.17 
2011-09-16,,29.95 ,3.13 ,,4.22 
2011-09-15,,,3.16 ,,4.25 
2011-09-14,,,3.21 ,,4.22 
2011-09-13,,,3.20 ,,4.23 
2011-09-09,,30.41 ,3.08 ,,4.22 
2011-09-08,,,3.07 ,,4.20 
2011-09-07,,,3.07 ,,4.24 
2011-09-06,,,3.07 ,,4.22 
2011-09-05,,,3.04 ,,4.26 
2011-09-02,,30.23 ,3.03 ,,4.16 
2011-09-01,,,3.03 ,,4.16 
2011-08-31,6.15 ,,3.05 ,,4.15 
2011-08-30,,,3.04 ,,4.22 
2011-08-29,,,3.05 ,,4.18 
2011-08-26,,30.05 ,3.07 ,,4.19 
2011-08-25,,,3.04 ,,4.15 
2011-08-24,,,3.06 ,,4.21 
2011-08-23,,,3.01 ,,4.19 
2011-08-22,,,2.99 ,,4.22 
2011-08-19,,29.93 ,2.93 ,,4.27 
2011-08-18,,,2.88 ,,4.24 
2011-08-17,,,2.88 ,,4.28 
2011-08-16,,,2.85 ,,4.28 
2011-08-15,,,2.84 ,,4.32 
2011-08-12,,28.91 ,2.85 ,,4.33 
2011-08-11,,,2.85 ,,4.39 
2011-08-10,,,2.84 ,,4.38 
2011-08-09,,,2.85 ,,4.42 
2011-08-08,,,2.86 ,,4.41 
2011-08-05,,29.55 ,2.87 ,,4.48 
2011-08-04,,,2.84 ,,4.49 
2011-08-03,,,2.83 ,,4.49 
2011-08-02,,,2.84 ,,4.48 
2011-08-01,,,2.82 ,,4.46 
2011-07-31,6.45 ,,,,
2011-07-29,,29.74 ,2.79 ,,4.44 
2011-07-28,,,2.81 ,,4.50 
2011-07-27,,,2.82 ,,4.56 
2011-07-26,,,2.85 ,,4.56 
2011-07-25,,,2.84 ,,4.59 
2011-07-22,,29.80 ,2.89 ,,4.61 
2011-07-21,,,2.89 ,,4.65 
2011-07-20,,,2.90 ,,4.65 
2011-07-19,,,2.91 ,,4.62 
2011-07-18,,,2.93 ,,4.67 
2011-07-15,,29.80 ,2.98 ,,4.75 
2011-07-14,,,2.99 ,,4.74 
2011-07-13,,,3.00 ,,4.76 
2011-07-12,,,3.01 ,,4.78 
2011-07-11,,,2.99 ,,4.91 
2011-07-08,,29.02 ,2.99 ,,4.95 
2011-07-07,,,3.00 ,,4.95 
2011-07-06,,,3.03 ,,4.98 
2011-07-05,,,3.01 ,,5.01 
2011-07-04,,,2.99 ,,5.11 
2011-07-01,,28.71 ,2.97 ,,5.13 
2011-06-30,6.36 ,,3.02 ,,5.17 
2011-06-29,,,3.00 ,,5.10 
2011-06-28,,,2.99 ,,5.27 
2011-06-27,,,2.93 ,,5.13 
2011-06-24,,28.08 ,2.88 ,,5.17 
2011-06-23,,,2.87 ,,5.32 
2011-06-22,,,2.86 ,,5.32 
2011-06-21,,,2.84 ,,5.34 
2011-06-17,,26.71 ,2.76 ,,5.47 
2011-06-16,,,2.76 ,,5.58 
2011-06-15,,,2.74 ,,5.41 
2011-06-14,,,2.69 ,,5.51 
2011-06-13,,,2.72 ,,5.58 
2011-06-10,,26.29 ,2.72 ,,5.78 
2011-06-09,,,2.70 ,,5.65 
2011-06-08,,,2.78 ,,5.75 
2011-06-07,,,2.79 ,,5.44 
2011-06-03,,25.53 ,2.78 ,,5.43 
2011-06-02,,,2.79 ,,5.39 
2011-06-01,,,2.85 ,,5.29 
2011-05-31,5.51 ,,2.86 ,,5.23 
2011-05-30,,,2.89 ,,5.21 
2011-05-27,,24.34 ,2.90 ,,5.21 
2011-05-25,,,2.86 ,,5.28 
2011-05-24,,,2.81 ,,5.22 
2011-05-23,,,2.81 ,,5.21 
2011-05-20,,23.43 ,2.82 ,,5.30 
2011-05-19,,,2.80 ,,5.30 
2011-05-18,,,2.82 ,,5.28 
2011-05-17,,,2.79 ,,5.18 
2011-05-16,,,2.76 ,,5.17 
2011-05-13,,23.54 ,2.75 ,,5.16 
2011-05-12,,,2.68 ,,5.07 
2011-05-11,,,2.74 ,,5.10 
2011-05-10,,,2.74 ,,5.09 
2011-05-09,,,2.71 ,,5.18 
2011-05-06,,23.28 ,2.77 ,,5.24 
2011-05-05,,,2.79 ,,5.28 
2011-05-04,,,2.80 ,,5.29 
2011-05-03,,,2.81 ,,5.27 
2011-04-30,5.34 ,,,,
2011-04-29,,23.11 ,2.83 ,,5.31 
2011-04-28,,,2.87 ,,5.44 
2011-04-27,,,2.92 ,,5.59 
2011-04-26,,,2.90 ,,5.48 
2011-04-25,,,2.90 ,,5.58 
2011-04-22,,23.04 ,2.96 ,,5.61 
2011-04-21,,,3.00 ,,5.67 
2011-04-20,,,3.00 ,,5.70 
2011-04-19,,,3.00 ,,5.72 
2011-04-18,,,3.06 ,,5.76 
2011-04-15,,23.03 ,3.18 ,,5.74 
2011-04-14,,,3.26 ,,5.84 
2011-04-13,,,3.26 ,,5.76 
2011-04-12,,,3.29 ,,5.72 
2011-04-11,,,3.37 ,,5.66 
2011-04-08,,22.77 ,3.52 ,,5.75 
2011-04-07,,,3.55 ,,5.68 
2011-04-06,,,3.56 ,,5.59 
2011-04-02,,,3.66 ,,5.64 
2011-04-01,,22.74 ,3.73 ,,5.66 
2011-03-31,5.38 ,,3.72 ,,5.60 
2011-03-30,,,3.77 ,,5.65 
2011-03-29,,,3.79 ,,5.49 
2011-03-28,,,3.81 ,,5.55 
2011-03-25,,22.57 ,3.82 ,,5.50 
2011-03-24,,,3.83 ,,5.43 
2011-03-23,,,3.81 ,,5.37 
2011-03-22,,,3.81 ,,5.34 
2011-03-21,,,3.85 ,,5.48 
2011-03-18,,22.57 ,3.78 ,,5.41 
2011-03-17,,,3.75 ,,5.36 
2011-03-16,,,3.82 ,,5.53 
2011-03-15,,,3.84 ,,5.49 
2011-03-14,,,3.86 ,,5.47 
2011-03-11,,22.64 ,3.96 ,,5.48 
2011-03-10,,,3.94 ,,5.47 
2011-03-09,,,3.98 ,,5.54 
2011-03-08,,,3.95 ,,5.46 
2011-03-07,,,3.99 ,,5.58 
2011-03-04,,22.54 ,3.97 ,,5.61 
2011-03-03,,,3.96 ,,5.70 
2011-03-02,,,3.93 ,,5.66 
2011-03-01,,,3.94 ,,5.63 
2011-02-28,4.94 ,,3.86 ,,5.57 
2011-02-25,,22.38 ,3.88 ,,5.64 
2011-02-24,,,3.92 ,,5.61 
2011-02-23,,,3.92 ,,5.57 
2011-02-22,,,3.93 ,,5.57 
2011-02-21,,,3.94 ,,5.58 
2011-02-18,,22.21 ,3.96 ,,5.61 
2011-02-17,,,3.93 ,,5.60 
2011-02-16,,,3.90 ,,5.50 
2011-02-15,,,3.96 ,,5.66 
2011-02-14,,,3.90 ,,5.58 
2011-02-12,,,3.95 ,,5.57 
2011-02-11,,22.27 ,4.02 ,,5.63 
2011-02-10,,,3.98 ,,5.55 
2011-02-09,,,4.04 ,,5.48 
2011-02-01,,,4.44 ,,5.70 
2011-01-31,4.91 ,,4.34 ,,5.67 
2011-01-30,,,4.28 ,,5.70 
2011-01-28,,21.33 ,4.26 ,,5.53 
2011-01-27,,,4.22 ,,5.55 
2011-01-26,,,4.15 ,,5.48 
2011-01-25,,,4.07 ,,5.42 
2011-01-24,,,4.05 ,,5.40 
2011-01-21,,21.26 ,3.95 ,,5.39 
2011-01-20,,,3.90 ,,5.33 
2011-01-19,,,3.80 ,,5.26 
2011-01-18,,,3.70 ,,5.22 
2011-01-17,,,3.65 ,,5.12 
2011-01-14,,21.42 ,3.47 ,,5.03 
2011-01-13,,,3.48 ,,5.05 
2011-01-12,,,3.50 ,,5.08 
2011-01-11,,,3.44 ,,5.03 
2011-01-10,,,3.36 ,,4.98 
2011-01-07,,20.89 ,,,
2011-01-06,,,3.36 ,,4.92 
2011-01-05,,,3.36 ,,4.93 
2011-01-04,,,3.34 ,,4.92 
2010-12-31,4.59 ,20.99 ,3.14 ,,4.55 
2010-12-30,,,3.13 ,,4.56 
2010-12-29,,,3.13 ,,4.54 
2010-12-28,,,3.13 ,,4.52 
2010-12-27,,,3.12 ,,4.53 
2010-12-24,,21.29 ,3.07 ,,4.44 
2010-12-23,,,3.10 ,,4.47 
